-- phpMyAdmin SQL Dump
-- version 4.2.6deb1
-- http://www.phpmyadmin.net
--
-- Host: localhost
-- Generation Time: Apr 25, 2015 at 03:22 AM
-- Server version: 5.5.43-0ubuntu0.14.10.1
-- PHP Version: 5.5.12-2ubuntu4.4

SET SQL_MODE = "NO_AUTO_VALUE_ON_ZERO";
SET time_zone = "+00:00";


/*!40101 SET @OLD_CHARACTER_SET_CLIENT=@@CHARACTER_SET_CLIENT */;
/*!40101 SET @OLD_CHARACTER_SET_RESULTS=@@CHARACTER_SET_RESULTS */;
/*!40101 SET @OLD_COLLATION_CONNECTION=@@COLLATION_CONNECTION */;
/*!40101 SET NAMES utf8 */;

--
-- Database: `dbproject`
--

-- --------------------------------------------------------

--
-- Table structure for table `console`
--

CREATE TABLE IF NOT EXISTS `console` (
`consoleId` int(3) NOT NULL,
  `consoleName` varchar(15) NOT NULL
) ENGINE=InnoDB  DEFAULT CHARSET=latin1 AUTO_INCREMENT=6 ;

--
-- Dumping data for table `console`
--

INSERT INTO `console` (`consoleId`, `consoleName`) VALUES
(1, 'Xbox One'),
(2, 'Xbox 360'),
(3, 'PS4'),
(4, 'PS3'),
(5, 'PC');

-- --------------------------------------------------------

--
-- Table structure for table `gamelist`
--

CREATE TABLE IF NOT EXISTS `gamelist` (
`id` int(10) NOT NULL,
  `consoleId` int(10) NOT NULL,
  `gameName` varchar(250) NOT NULL,
  `publisher` varchar(250) NOT NULL,
  `ratings` varchar(250) NOT NULL,
  `releaseDate` varchar(250) NOT NULL
) ENGINE=InnoDB  DEFAULT CHARSET=latin1 AUTO_INCREMENT=1569 ;

--
-- Dumping data for table `gamelist`
--

INSERT INTO `gamelist` (`id`, `consoleId`, `gameName`, `publisher`, `ratings`, `releaseDate`) VALUES
(1, 3, 'a-bombs-way', 'Smudged Cat Games', 'NR', 'April 4, 2009'),
(2, 2, 'a-fading-melody', 'Independent', 'NR', 'March 20, 2009'),
(3, 5, 'a-game-of-hockey', 'Independent', 'NR', 'May 29, 2010'),
(4, 1, 'a-game-of-tennis', 'UberGeekGames', 'NR', 'January 31, 2009'),
(5, 4, 'a-great-easter-egg-hunt', 'Independent', 'NR', 'April 24, 2009'),
(6, 5, 'a-kingdom-for-keflings', 'Microsoft', '8.2', 'November 19, 2008'),
(7, 3, 'a-morons-challenge', 'Independent', 'NR', 'June 11, 2009'),
(8, 4, 'a-perfect-massage', 'Independent', 'NR', '2009-05-01 00:00:00'),
(9, 1, 'a-robots-conundrum', 'Independent', 'NR', 'May 9, 2009'),
(10, 3, 'a-shooter', 'SorceryGames', 'NR', 'September 24, 2010'),
(11, 5, 'a-virus-named-tom', 'Misfits Attic', 'NR', 'TBA'),
(12, 2, 'a-wizards-odyssey', 'Independent', 'NR', 'February 1, 2009'),
(13, 3, 'a-world-of-keflings', 'NinjaBee', '8', 'December 22, 2010'),
(14, 4, 'a-train-hx', 'ArtDink', 'NR', 'Japan only'),
(15, 3, 'air-play', 'Independent', 'NR', 'January 01, 2009'),
(16, 2, 'ares-extinction-agenda', 'Origo Games', 'NR', 'October 2, 2013'),
(17, 5, 'acdc-live-rock-band-track-pack', 'MTV Games', '6.5', 'November 2, 2008'),
(18, 1, 'afl', 'Not Available', 'NR', 'Import only'),
(19, 4, 'apb-original-version', 'Realtime Worlds', 'NR', 'Not Available'),
(20, 5, 'abaddon', 'Not Available', 'NR', 'January 10, 2010'),
(21, 3, 'aban-hawkins-the-1000-spikes', '8bits Fanatics', 'NR', 'January 18, 2011'),
(22, 4, 'abronium-party', 'Independent', 'NR', 'February 23, 2009'),
(23, 1, 'abstacked', 'Independent', 'NR', 'November 19, 2008'),
(24, 3, 'abyss-odyssey', 'Atlus', '6.7', 'TBA'),
(25, 5, 'ace-combat-6-game-ace-edge-flightstick', 'Namco', '8.4', 'October 22, 2007'),
(26, 2, 'ace-combat-6-game-ace-edge-flightstick', 'Bandai Namco Games', '8.4', 'October 23, 2007'),
(27, 3, 'ace-combat-assault-horizon', 'Bandai Namco Games', 'NR', 'EU Only'),
(28, 4, 'ace-combat-assault-horizon', 'Bandai Namco Games', '7.5', 'October 11, 2011'),
(29, 2, 'ace-gals-tennis', 'Independent', 'NR', 'April 25, 2010'),
(30, 5, 'aceball', 'Independent', 'NR', 'January 01, 2009'),
(31, 1, 'aces-of-the-galaxy', 'Sierra', '8.4', 'June 4, 2008'),
(32, 4, 'adidas-micoach', '505 Games', 'NR', 'July 24, 2012'),
(33, 5, 'adrenalin-misfits', 'Konami', '5', 'November 4, 2010'),
(34, 2, 'adventure-time-explore-the-dungeon-because-i-dont-know', 'D3 Publisher', '3.5', 'November 19, 2013'),
(35, 3, 'adventure-time-finn-and-jake-investigations', 'Not Available', 'NR', 'Not Available'),
(36, 4, 'adventure-time-the-game', 'Little Orbit', 'NR', '2014-11-01 00:00:00'),
(37, 3, 'adventurer-pets-hd', 'Independent', 'NR', 'December 6, 2008'),
(38, 2, 'aegis-wing', 'Microsoft Game Studios', 'NR', 'May 16, 2007'),
(39, 5, 'aero-cross', 'Bandai Namco Games', 'NR', 'TBA 2012'),
(40, 1, 'afro-samurai', 'Surge', '6.6', 'January 27, 2009'),
(41, 4, 'after-burner-climax', 'SEGA', '7.5', 'April 21, 2010'),
(42, 5, 'afterfall-insanity', 'NEG', 'NR', 'Not Available'),
(43, 3, 'age-of-booty', 'Capcom', '7.8', 'October 15, 2008'),
(44, 4, 'age-of-conan-hyborian-adventures', 'Funcom', 'NR', 'Not Available'),
(45, 1, 'age-of-dreams', 'TBA', 'NR', 'TBA'),
(46, 3, 'aionguard', 'Not Available', 'NR', 'TBA'),
(47, 5, 'air-conflicts-pacific-carriers', 'BitComposer Games', 'NR', 'TBA 2015'),
(48, 2, 'air-conflicts-secret-wars', 'Kalypso Media', '6', 'Not Available'),
(49, 3, 'air-conflicts-vietnam', 'BitComposer Games', '3.5', 'November 19, 2013'),
(50, 4, 'air-legends', 'Independent', 'NR', 'January 01, 2009'),
(51, 3, 'babel-rising', 'Ubisoft', '5', 'June 13, 2012'),
(52, 2, 'baby-maker-extreme', 'Stegersaurus Games', 'NR', 'April 8, 2010'),
(53, 5, 'baby-maker-extreme-2', 'Stegersaurus Games', 'NR', 'February 4, 2011'),
(54, 1, 'backbreaker', '505 Games', '5', 'June 1, 2010'),
(55, 4, 'backbreaker-2-vengeance', '505 Games', '4.5', 'June 29, 2011'),
(56, 5, 'backyard-football-10', 'Atari', 'NR', 'October 20, 2009'),
(57, 3, 'backyard-sports-rookie-rush', 'Atari', 'NR', 'October 26, 2010'),
(58, 4, 'backyard-sports-sandlot-sluggers', 'Atari', 'NR', 'May 25, 2010'),
(59, 1, 'bad-atom-episode-1', 'Independent', 'NR', 'November 19, 2008'),
(60, 3, 'baja-edge-of-control', 'THQ', '6.9', 'September 22, 2008'),
(61, 5, 'bakugan-battle-brawlers-defenders-of-the-core', 'Activision', 'NR', 'November 2, 2010'),
(62, 2, 'bakugan-battle-brawlers', 'Activision', '6.2', 'October 20, 2009'),
(63, 3, 'band-hero', 'Activision', '7.9', 'November 3, 2009'),
(64, 4, 'band-hero', 'Activision', '7.9', 'November 3, 2009'),
(65, 3, 'band-of-bugs', 'NinjaBee', '6.2', 'June 20, 2007'),
(66, 2, 'bandfuse-rock-legends-150218', 'Mastiff', '8.2', 'November 19, 2013'),
(67, 5, 'bandai-mixed-media-project-untitled', 'Bandai', 'NR', 'TBA'),
(68, 1, 'bang-bang-racing', 'Digital Reality', 'NR', 'June 6, 2012'),
(69, 4, 'bangai-o-hd-missile-fury', 'D3 Publisher', '8.5', 'May 4, 2011'),
(70, 5, 'banjo-kazooie', 'Microsoft', '8', 'December 3, 2008'),
(71, 3, 'banjo-kazooie-nuts-bolts', 'Microsoft', '8.3', 'November 11, 2008'),
(72, 4, 'banjo-tooie', 'Microsoft Game Studios', '8.5', 'April 29, 2009'),
(73, 1, 'bankshot-billiards-2', 'Not Available', '7.5', 'November 22, 2005'),
(74, 3, 'barf-and-beer', 'Independent', 'NR', 'Not Available'),
(75, 5, 'bass-pro-shops-the-hunt', 'XS Games', '6', 'June 1, 2010'),
(76, 2, 'bass-pro-shops-the-strike', 'XS Games', 'NR', 'September 29, 2009'),
(77, 3, 'bass-pro-shops-the-strike', 'XS Games', '4.5', 'September 29, 2009'),
(78, 4, 'bastion', 'Warner Bros.  Interactive', '9', 'July 20, 2011'),
(79, 2, 'bat-l-blocks', 'Independent', 'NR', 'January 14, 2009'),
(80, 5, 'batman-arkham-asylum', 'Warner Bros.  Interactive', '9.3', 'May 11, 2010'),
(81, 1, 'batman-arkham-asylum', 'Eidos Interactive', '9.3', 'August 25, 2009'),
(82, 4, 'batman-arkham-asylum', 'Eidos Interactive', '9.3', 'August 25, 2009'),
(83, 5, 'batman-arkham-city', 'Warner Bros.  Interactive', '9.5', 'October 18, 2011'),
(84, 2, 'batman-arkham-city', 'Warner Bros.  Interactive', 'NR', 'May 29, 2012'),
(85, 3, 'batman-arkham-city', 'Warner Bros.  Interactive', 'NR', 'October 18, 2011'),
(86, 4, 'batman-arkham-city-harley-quinns-revenge', 'Warner Bros.  Interactive', '9', 'May 29, 2012'),
(87, 3, 'batman-arkham-collection', 'Warner Bros.  Interactive', 'NR', 'Not Available'),
(88, 2, 'batman-arkham-origins', 'Warner Bros.  Interactive', '7.8', 'October 25, 2013'),
(89, 5, 'batman-arkham-origins-dlc-cold-cold-heart', 'Warner Bros.  Interactive', 'NR', 'April 22, 2014'),
(90, 1, 'batman-arkham-origins-blackgate', 'Warner Bros.  Interactive', '7.4', 'April 2, 2014'),
(91, 4, 'batman-the-dark-knight-the-game-14226135', 'Electronic Arts', 'NR', 'Not Available'),
(92, 5, 'battle-ball', 'Not Available', 'NR', 'June 7, 2009'),
(93, 3, 'battle-bubbles', 'Independent', 'NR', 'February 23, 2009'),
(94, 4, 'battle-fantasia', 'Aksys Games', '6.5', 'September 16, 2008'),
(95, 1, 'battle-havoc', 'Independent', 'NR', 'March 21, 2009'),
(96, 3, 'battle-high-san-bruno-134051', 'Not Available', 'NR', 'February 8, 2011'),
(97, 5, 'battle-slots', 'Phantom EFX', 'NR', 'TBA'),
(98, 2, 'battle-tanks-angry-aardvark', 'Angry Aardvark', 'NR', 'May 23, 2010'),
(99, 3, 'battle-vs-chess', 'SouthPeak Games', 'NR', 'TBA'),
(100, 4, 'battle-of-atlantis', 'World Forge', 'NR', 'TBA'),
(101, 3, 'airmech', 'Ubisoft', '5.5', 'July 30, 2014'),
(102, 2, 'airburst', 'Freeverse', 'NR', 'TBA'),
(103, 5, 'akai-katana', 'Rising Star Games', '7', 'May 17, 2012'),
(104, 1, 'akane-the-kunoichi', 'Haruneko', 'NR', 'May 28, 2011'),
(105, 4, 'alan-wake', 'Microsoft Game Studios', '9', 'May 18, 2010'),
(106, 5, 'alan-wake', 'Microsoft Game Studios', 'NR', 'May 18, 2010'),
(107, 3, 'alan-wakes-american-nightmare', 'Microsoft Game Studios', '8', 'February 22, 2012'),
(108, 4, 'alan-wake-the-signal', 'Microsoft Game Studios', '9', 'July 27, 2010'),
(109, 1, 'alan-wake-the-writer', 'Microsoft Game Studios', '8', 'October 12, 2010'),
(110, 3, 'alchemist-14327582', 'Independent', 'NR', 'February 27, 2009'),
(111, 5, 'alex-kidd-in-miracle-world', 'SEGA', 'NR', 'TBA'),
(112, 2, 'alhambra', 'Microsoft', 'NR', 'Not Available'),
(113, 1, 'alice-madness-returns', 'Electronic Arts', '6.5', 'June 14, 2011'),
(114, 4, 'alien-ambush', 'Independent', 'NR', 'November 16, 2008'),
(115, 3, 'alien-breed-2-assault', 'Team17 Software', '8', 'September 22, 2010'),
(116, 2, 'alien-breed-3-descent', 'Team17 Software', '6.5', 'November 17, 2010'),
(117, 5, 'alien-breed-evolution', 'Team17 Software', '7.9', 'December 16, 2009'),
(118, 1, 'alien-hominid', 'The Behemoth', '8.5', 'February 28, 2007'),
(119, 4, 'alien-rage', 'Not Available', 'NR', 'October 18, 2013'),
(120, 1, 'alien-spidy', 'Kalypso Media', 'NR', 'March 20, 2013'),
(121, 3, 'alien-isolation', 'SEGA', 'NR', 'October 7, 2014'),
(122, 4, 'aliens-go-boom', 'Independent', 'NR', 'March 26, 2010'),
(123, 1, 'aliens-vs-predator', 'SEGA', '7', 'February 16, 2010'),
(124, 3, 'aliens-vs-predator', 'SEGA', 'NR', 'February 16, 2010'),
(125, 5, 'aliens-colonial-marines', 'SEGA', '4.5', 'February 12, 2013'),
(126, 2, 'alien-rpg-project', 'SEGA', 'NR', 'Canceled (was to be 2010)'),
(127, 3, 'all-your-creeps', 'Not Available', 'NR', 'TBA'),
(128, 4, 'all-zombies-must-die', 'Not Available', '6.5', 'December 28, 2011'),
(129, 2, 'all-pro-football-2k8', '2K Sports', '7.6', 'July 16, 2007'),
(130, 5, 'allegory', 'Independent', 'NR', 'May 19, 2010'),
(131, 1, 'alliance-the-silent-war', 'Not Available', 'NR', 'Not Available'),
(132, 4, 'alone-in-the-dark', 'Atari', '3.5', 'June 23, 2008'),
(133, 5, 'alone-in-the-dark', 'Atari', 'NR', 'Europe Only'),
(134, 2, 'alpha-protocol', 'SEGA', '6.3', 'June 1, 2010'),
(135, 1, 'altar-of-gems', 'Independent', 'NR', 'January 01, 2009'),
(136, 4, 'altered-beast', 'SEGA', '5.3', 'June 10, 2009'),
(137, 3, 'alvin-and-the-chipmunks-chipwrecked', 'Majesco', 'NR', 'November 15, 2011'),
(138, 2, 'amazing-wizard', 'Independent', 'NR', 'January 01, 2009'),
(139, 5, 'americas-army-true-soldiers', 'Ubisoft', '3.7', 'November 15, 2007'),
(140, 1, 'american-mcgees-alice', 'Electronic Arts', 'NR', 'June 14, 2011'),
(141, 4, 'american-mensa-academy', 'Square Enix', 'NR', 'November 12, 2012'),
(142, 5, 'amoeba-generator', 'Independent', 'NR', 'May 26, 2010'),
(143, 3, 'amped-3', '2K Sports', '6.9', 'November 15, 2005'),
(144, 5, 'amy', 'Not Available', '2', 'January 11, 2012'),
(145, 1, 'anarchy-reigns', 'SEGA', '5.9', 'January 8, 2013'),
(146, 3, 'ancient-trader', 'Not Available', 'NR', 'August 3, 2010'),
(147, 5, 'ancient-world-online', 'TBA', 'NR', 'TBA'),
(148, 2, 'ancients-of-ooga', 'NinjaBee', '7.5', 'June 30, 2010'),
(149, 3, 'andromium', 'Red Crest Studios', 'NR', 'August 10, 2011'),
(150, 4, 'angle-of-attack', '3000AD', 'NR', 'TBA'),
(151, 3, 'battle-x', 'Independent', '5.5', 'February 27, 2009'),
(152, 2, 'battle-los-angeles', 'Konami', 'NR', 'March 11, 2011'),
(153, 5, 'battleblock-theater', 'The Behemoth', '7', 'April 3, 2013'),
(154, 1, 'battletennis', 'Not Available', 'NR', 'Not Available'),
(155, 4, 'battlefield-1943', 'Electronic Arts', '9', 'July 9, 2009'),
(156, 5, 'battlefield-2-modern-combat', 'Electronic Arts', 'NR', 'April 11, 2006'),
(157, 3, 'battlefield-3', 'Electronic Arts', '8', 'October 25, 2011'),
(158, 4, 'battlefield-3', 'Electronic Arts', '9', 'October 25, 2011'),
(159, 1, 'battlefield-3', 'Electronic Arts', '8', 'Not Available'),
(160, 3, 'battlefield-3-armored-kill', 'Electronic Arts', 'NR', 'September 25, 2012'),
(161, 5, 'battlefield-3-back-to-karkand-107996', 'Electronic Arts', 'NR', 'December 13, 2011'),
(162, 2, 'battlefield-3-close-quarters', 'Electronic Arts', 'NR', 'June 26, 2012'),
(163, 1, 'battlefield-3-end-game', 'Electronic Arts', '6.5', 'March 12, 2013'),
(164, 4, 'battlefield-4', 'Electronic Arts', 'NR', 'October 29, 2013'),
(165, 3, 'battlefield-hardline', 'Electronic Arts', '8', 'March 17, 2015'),
(166, 2, 'battlefield-bad-company', 'Electronic Arts', '6.5', 'June 25, 2008'),
(167, 5, 'battlefield-bad-company', 'Electronic Arts', '7.9', 'June 25, 2008'),
(168, 1, 'battlefield-bad-company-2', 'Electronic Arts', '8.5', 'March 2, 2010'),
(169, 4, 'battlefield-bad-company-2', 'Electronic Arts', 'NR', 'March 2, 2010'),
(170, 1, 'battlefield-bad-company-2', 'Electronic Arts', 'NR', 'August 30, 2010'),
(171, 3, 'battlefield-bad-company-2-vietnam', 'Electronic Arts', 'NR', 'December 21, 2010'),
(172, 4, 'battleship', 'Activision', 'NR', 'May 15, 2012'),
(173, 1, 'battlestar-galactica', 'Sierra', '7', 'October 24, 2007'),
(174, 3, 'battlestations-midway', 'Eidos Interactive', 'NR', 'January 30, 2007'),
(175, 5, 'battlestations-pacific', 'Eidos Interactive', '4.5', 'May 12, 2009'),
(176, 2, 'battlesweeper', 'Independent', 'NR', 'February 11, 2009'),
(177, 3, 'battlezone-805683', 'Atari', 'NR', 'April 16, 2008'),
(178, 4, 'bayonetta', 'SEGA', 'NR', 'January 5, 2010'),
(179, 2, 'bayonetta', 'Not Available', '5.5', 'Import only'),
(180, 5, 'beach-volleyball-online', 'TBA', '7.8', 'Not Available'),
(181, 1, 'beat-hazard', 'Cold Beam Games', 'NR', 'October 28, 2010'),
(182, 4, 'beat-it', 'Independent', '8.5', 'November 19, 2008'),
(183, 5, 'beatn-groovy', 'Konami', '7.9', 'October 8, 2008'),
(184, 2, 'beatblox', 'Independent', '9', 'April 2, 2009'),
(185, 1, 'beautiful-katamari', 'Bandai Namco Games', 'NR', 'October 15, 2007'),
(186, 4, 'beautiful-puzzle-pack', 'Microsoft Game Studios', 'NR', 'July 15, 2013'),
(187, 3, 'bee-movie-game', 'Activision', 'NR', 'October 30, 2007'),
(188, 2, 'beijing-2008', 'SEGA', 'NR', 'July 8, 2008'),
(189, 5, 'being', 'Independent', 'NR', 'November 19, 2008'),
(190, 1, 'bejeweled-2', 'Oberon Media', 'NR', 'November 22, 2005'),
(191, 4, 'bejeweled-3-retail-edition', 'PopCap Games', '8', 'October 19, 2011'),
(192, 5, 'bejeweled-3', 'PopCap Games', 'NR', 'October 19, 2011'),
(193, 3, 'bejeweled-3-retail-edition', 'PopCap Games', '8.6', 'February 23, 2011'),
(194, 5, 'bellator-mma-onslaught', '345 Games', '8.6', 'July 4, 2012'),
(195, 1, 'ben-10-alien-force-the-rise-of-hex', 'Konami', '8.9', 'May 26, 2010'),
(196, 3, 'ben-10-alien-force-vilgax-attacks', 'D3 Publisher', '8.9', 'October 27, 2009'),
(197, 5, 'ben-10-galactic-racing', 'D3 Publisher', '8.9', 'October 18, 2011'),
(198, 2, 'ben-10-omniverse', 'D3 Publisher', '9.5', 'November 13, 2012'),
(199, 3, 'ben-10-omniverse-2', 'D3 Publisher', 'NR', 'November 5, 2013'),
(200, 4, 'ben-10-ultimate-alien-cosmic-destruction', 'D3 Publisher', '6.9', 'October 5, 2010'),
(201, 3, 'csi-crime-scene-investigation-fatal-conspiracy', 'Ubisoft', 'NR', 'October 26, 2010'),
(202, 2, 'csi-crime-scene-investigation-super-pack', 'Ubisoft', 'NR', 'TBA'),
(203, 5, 'csi-crime-scene-investigation-deadly-intent', 'Ubisoft', 'NR', 'October 27, 2009'),
(204, 1, 'csi-crime-scene-investigation-hard-evidence', 'Ubisoft', '6.1', 'September 25, 2007'),
(205, 4, 'cabelas-adventure-camp', 'Activision', 'NR', 'November 1, 2011'),
(206, 5, 'cabelas-african-adventures', 'Activision', 'NR', 'October 15, 2013'),
(207, 3, 'cabelas-african-safari', 'Activision Value', '5', 'November 21, 2006'),
(208, 4, 'cabelas-alaskan-adventures', 'Activision Value', '4.8', 'September 19, 2006'),
(209, 1, 'cabelas-big-game-hunter', 'Activision', '5.9', 'November 6, 2007'),
(210, 3, 'cabelas-big-game-hunter-2010', 'Activision', '4.6', 'September 29, 2009'),
(211, 5, 'cabelas-big-game-hunter-2012', 'Activision', 'NR', 'September 27, 2011'),
(212, 2, 'cabelas-big-game-hunter-2012', 'Activision', 'NR', 'September 27, 2011'),
(213, 1, 'cabelas-big-game-hunter-hunting-party', 'Activision', 'NR', 'TBA'),
(214, 4, 'cabelas-big-game-hunter-pro-hunts', 'Activision', 'NR', 'March 25, 2014'),
(215, 3, 'cabelas-dangerous-hunts-2009', 'Activision', '5.2', 'September 23, 2008'),
(216, 2, 'cabelas-dangerous-hunts-2011', 'Activision', 'NR', 'October 26, 2010'),
(217, 5, 'cabelas-dangerous-hunts-2011', 'Activision', 'NR', 'October 26, 2010'),
(218, 1, 'cabelas-dangerous-hunts-2013', 'Activision', 'NR', 'October 23, 2012'),
(219, 4, 'cabelas-hunting-expeditions', 'Activision', 'NR', 'October 23, 2012'),
(220, 1, 'cabelas-north-american-adventures', 'Activision', 'NR', 'September 14, 2010'),
(221, 3, 'cabelas-outdoor-adventures', 'Activision', '7', 'September 8, 2009'),
(222, 4, 'cabelas-survival-shadows-of-katmai', 'Activision', 'NR', 'November 1, 2011'),
(223, 1, 'cabelas-survival-shadows-of-katmai', 'Activision', 'NR', 'November 1, 2011'),
(224, 3, 'cabelas-trophy-bucks', 'Activision Value', '5.1', 'September 25, 2007'),
(225, 2, 'calculator-360', 'Independent', 'NR', 'March 21, 2009'),
(226, 2, 'call-of-duty-sledgehammer-games-project', 'Activision', 'NR', 'Not Available'),
(227, 3, 'call-of-duty-2', 'Activision', '9', 'November 15, 2005'),
(228, 4, 'call-of-duty-2', 'Activision', 'NR', 'May 16, 2006'),
(229, 2, 'call-of-duty-3', 'Activision', '8.8', 'November 7, 2006'),
(230, 5, 'call-of-duty-3', 'Activision', 'NR', 'March 13, 2007'),
(231, 1, 'call-of-duty-3', 'Activision', '8.8', 'February 28, 2009'),
(232, 4, 'call-of-duty-4-modern-warfare', 'Activision', 'NR', 'April 1, 2008'),
(233, 5, 'call-of-duty-4-modern-warfare', 'Activision', '9.4', 'November 5, 2007'),
(234, 2, 'call-of-duty-4-modern-warfare', 'Activision', '9.4', 'November 5, 2007'),
(235, 1, 'call-of-duty', 'Activision', '7.5', 'December 2, 2009'),
(236, 4, 'call-of-duty-advance-warfare', 'Activision', '9.1', 'November 4, 2014'),
(237, 5, 'call-of-duty-black-ops', 'Activision', '8.5', 'November 9, 2010'),
(238, 2, 'call-of-duty-black-ops', 'Activision', 'NR', 'November 9, 2010'),
(239, 5, 'call-of-duty-black-ops', 'Activision', 'NR', 'November 9, 2010'),
(240, 1, 'call-of-duty-black-ops-call-of-the-dead', 'Activision', 'NR', 'May 3, 2011'),
(241, 4, 'call-of-duty-black-ops-ii', 'Activision', '9.3', 'November 13, 2012'),
(242, 5, 'call-of-duty-ghosts', 'Activision', '8.8', 'November 5, 2013'),
(243, 3, 'call-of-duty-ghosts-extinction', 'Activision', 'NR', 'January 28, 2014'),
(244, 5, 'call-of-duty-modern-warfare-2', 'Activision', '9.5', 'November 10, 2009'),
(245, 1, 'call-of-duty-modern-warfare-2', 'Activision', '9.5', 'November 10, 2009'),
(246, 3, 'call-of-duty-modern-warfare-2', 'Activision', '9.5', 'November 10, 2009'),
(247, 5, 'call-of-duty-modern-warfare-3', 'Activision', 'NR', 'November 8, 2011'),
(248, 2, 'call-of-duty-modern-warfare-3', 'Not Available', 'NR', 'Not Available'),
(249, 3, 'call-of-duty-modern-warfare-3', 'Activision', '9', 'November 8, 2011'),
(250, 4, 'call-of-duty-the-war-collection', 'Activision', 'NR', 'June 8, 2010'),
(251, 3, 'call-of-duty-world-at-war', 'Activision', '9.2', 'November 11, 2008'),
(252, 2, 'call-of-duty-world-at-war', 'Activision', '9.2', 'November 11, 2008'),
(253, 5, 'call-of-juarez', 'Ubisoft', '7.5', 'June 12, 2007'),
(254, 1, 'call-of-juarez-bound-in-blood', 'Ubisoft', '7.7', 'June 30, 2009'),
(255, 4, 'call-of-juarez-project', 'Ubisoft', '7.5', 'May 22, 2013'),
(256, 5, 'call-of-juarez-the-cartel', 'Ubisoft', '4.5', 'July 19, 2011'),
(257, 3, 'cannon-fodder-3', 'GFI (Game Factory Interactive)', 'NR', 'Not Available'),
(258, 4, 'capcom-arcade-cabinet', 'Capcom', 'NR', 'February 20, 2013'),
(259, 1, 'bionic-commando-rearmed-2', 'Capcom', 'NR', 'March 27, 2012'),
(260, 3, 'capcom-na-team-project-untitled', 'Capcom', 'NR', 'TBA'),
(261, 5, 'capcom-platinum-hits-triple-pack', 'Capcom', 'NR', 'September 8, 2009'),
(262, 2, 'capsized', 'Bandai Namco Games', 'NR', 'July 10, 2013'),
(263, 1, 'captain-america-sentinel-of-liberty', 'SEGA', '5', 'July 19, 2011'),
(264, 4, 'captain-blood', '1C Company', '1C Company', 'TBA'),
(265, 3, 'carcassonne', 'Sierra', 'NR', 'June 27, 2007'),
(266, 2, 'cardarcade', 'Independent', '8', 'August 6, 2009'),
(267, 5, 'carneyvale-showtime', 'Independent', 'NR', 'January 01, 2009'),
(268, 1, 'carnival-games-monkey-see-monkey-do', '2K Play', 'NR', 'April 05, 2011'),
(269, 4, 'carrier-command-gaea-mission', 'Mastertronic', '2K Play', 'October 2, 2012'),
(270, 1, 'carrum', 'Independent', '6', 'May 3, 2009'),
(271, 3, 'cars', 'THQ', 'NR', 'November 6, 2006'),
(272, 4, 'cars-2', 'Disney Interactive Studios', 'NR', 'June 21, 2011'),
(273, 1, 'cars-mater-national-championship', 'THQ', '7.2', 'October 29, 2007'),
(274, 3, 'cars-race-o-rama', 'THQ', '8', 'October 13, 2009'),
(275, 2, 'cartoon-network-punch-time-explosion', 'Crave Entertainment', 'NR', 'November 8, 2011'),
(276, 2, 'castle-crashers', 'The Behemoth', '5', 'August 27, 2008'),
(277, 3, 'castle-of-illusion', 'SEGA', '5', 'September 4, 2013'),
(278, 4, 'castlestorm', 'Not Available', '9', 'May 29, 2013'),
(279, 2, 'castlevania-harmony-of-despair', 'Konami', '6.7', 'August 4, 2010'),
(280, 5, 'castlevania-lords-of-shadow', 'Konami', '8', 'October 5, 2010'),
(281, 1, 'castlevania-lords-of-shadow', 'Konami', '7.5', 'October 5, 2010'),
(282, 4, 'castlevania-lords-of-shadow-mirror-of-fate-hd', 'Konami', 'NR', 'October 25, 2013'),
(283, 5, 'castlevania-lords-of-shadow-resurrection', 'Konami', '7.5', 'June 7, 2011'),
(284, 2, 'castlevania-lords-of-shadow-reverie', 'Konami', 'NR', 'February 20, 2011'),
(285, 1, 'castlevania-lords-of-shadow-2', 'Konami', 'NR', 'February 25, 2014'),
(286, 4, 'castlevania-lords-of-shadow-2-revelations', 'Konami', 'NR', 'March 27, 2014'),
(287, 5, 'castlevania-lords-of-shadow-collection', 'Konami', '6.5', 'November 5, 2013'),
(288, 2, 'castlevania-symphony-of-the-night', 'Konami', 'NR', 'March 21, 2007'),
(289, 5, 'catan', 'Microsoft Game Studios', '7.5', 'May 2, 2007'),
(290, 1, 'catherine', 'Not Available', '9', 'EU Only'),
(291, 4, 'catherine', 'Atlus', '7.7', 'July 26, 2011'),
(292, 5, 'catherine', 'Atlus', 'NR', 'July 26, 2011'),
(293, 3, 'cavein-miner-rescue-team', 'Independent', '9', 'December 17, 2008'),
(294, 5, 'celebrate', 'Independent', 'NR', 'February 20, 2009'),
(295, 1, 'cellfactor-psychokinetic-wars', 'Ubisoft', 'NR', 'June 3, 2009'),
(296, 3, 'arcade-smash-hits', 'Microsoft', 'NR', 'May 2, 2007'),
(297, 5, 'chalked', 'Independent', '8', 'May 10, 2009'),
(298, 2, 'champions-online', 'Atari', '5.7', 'Not Available'),
(299, 3, 'champions-of-atlantis', 'TBA', 'NR', 'TBA'),
(300, 4, 'championship-manager-2007', 'Not Available', 'NR', 'Not Available'),
(301, 3, 'dj-hero', 'Activision', '9', 'October 27, 2009'),
(302, 2, 'dj-hero', 'Activision', '9', 'October 27, 2009'),
(303, 5, 'dj-hero', 'Activision', 'NR', 'March 16, 2010'),
(304, 1, 'dj-hero', 'Activision', 'NR', 'October 19, 2010'),
(305, 4, 'dj-hero-2', 'Activision', '8.5', 'October 19, 2010'),
(306, 5, 'dj-hero-2', 'Activision', 'NR', 'October 19, 2010'),
(307, 3, 'dj-hero-2', 'Activision', 'NR', 'October 19, 2010'),
(308, 4, 'dk-project-the-last-city-of-heaven', 'TBA', 'NR', 'TBA'),
(309, 1, 'duotrix', 'Not Available', 'NR', 'November 19, 2008'),
(310, 3, 'dai-senryaku-perfect-senjou-no-hasha', 'Not Available', 'NR', 'Not Available'),
(311, 5, 'damage-inc-pacific-squadron-wwii', 'Mad Catz', 'NR', 'August 28, 2012'),
(312, 2, 'damnation', 'Codemasters', '2.5', 'May 26, 2009'),
(313, 1, 'dance-central', 'MTV Games', '8', 'November 4, 2010'),
(314, 4, 'dance-central-2', 'Microsoft', '9', 'October 25, 2011'),
(315, 3, 'dance-central-3', 'Microsoft', '8', 'October 16, 2012'),
(316, 2, 'dance-dance-revolution-universe', 'Konami', 'NR', 'February 27, 2007'),
(317, 5, 'dance-dance-revolution-universe', 'Konami', '8.7', 'February 27, 2007'),
(318, 1, 'dance-dance-revolution-universe-2', 'Konami', 'NR', 'December 4, 2007'),
(319, 4, 'dance-dance-revolution-universe-2', 'Konami', '5.7', 'December 4, 2007'),
(320, 1, 'dance-dance-revolution-universe-3', 'Konami', 'NR', 'October 21, 2008'),
(321, 3, 'dance-dance-revolution-universe-3', 'Konami', '5', 'October 21, 2008'),
(322, 4, 'dance-magic', 'Jack in the Box', 'NR', 'February 7, 2012'),
(323, 1, 'dance-paradise', 'THQ', 'NR', 'February 22, 2011'),
(324, 3, 'dance-its-your-stage', 'DTP (Digital Entertainment Pool)', 'NR', 'September 8, 2010'),
(325, 2, 'dance-dance-revolution', 'Konami', '6.5', 'April 12, 2011'),
(326, 2, 'dancemasters', 'Konami', '6.5', 'November 4, 2010'),
(327, 3, 'danger-planet', 'TBA', 'NR', 'TBA'),
(328, 4, 'dantes-inferno', 'Electronic Arts', '7.5', 'February 9, 2010'),
(329, 2, 'dantes-inferno-dark-forest', 'Electronic Arts', '6', 'March 4, 2010'),
(330, 5, 'dantes-inferno-trials-of-st-lucia', 'Electronic Arts', 'NR', 'April 29, 2010'),
(331, 1, 'dark-133860', 'Kalypso Media', '4', 'June 11, 2013'),
(332, 4, 'dark-messiah-of-might-and-magic', 'Ubisoft', '5.7', 'February 12, 2008'),
(333, 5, 'dark-sector', 'D3 Publisher', '7.7', 'March 25, 2008'),
(334, 2, 'dark-souls', 'Bandai Namco Games', 'NR', 'Not Available'),
(335, 1, 'dark-souls', 'Bandai Namco Games', '9', 'October 4, 2011'),
(336, 4, 'dark-souls-ii', 'Bandai Namco Games', '9', 'March 11, 2014'),
(337, 5, 'dark-souls-ii-crown-of-the-ivory-king', 'Bandai Namco Games', 'NR', 'September 30, 2014'),
(338, 2, 'dark-souls-ii-crown-of-the-old-iron-king', 'Bandai Namco Games', 'NR', 'August 26, 2014'),
(339, 5, 'dark-souls-ii-the-lost-crowns-dlc-trilogy', 'Bandai Namco Games', 'NR', 'July 22, 2014'),
(340, 1, 'dark-souls-2-scholar-of-the-first-sin', 'Bandai Namco Games', 'NR', 'April 7, 2015'),
(341, 4, 'dark-souls-artorias-of-the-abyss', 'Bandai Namco Games', 'NR', 'October 23, 2012'),
(342, 5, 'dark-void', 'Capcom', '5', 'January 19, 2010'),
(343, 3, 'darkstar-one-broken-alliance', 'Kalypso Media', '6', 'July 20, 2010'),
(344, 5, 'darkest-of-days', 'Phantom EFX', '3.6', 'September 8, 2009'),
(345, 1, 'darksiders', 'THQ', '7.8', 'January 5, 2010'),
(346, 3, 'darksiders-ii', 'THQ', 'NR', 'August 14, 2012'),
(347, 5, 'darksiders-ii', 'THQ', '7.5', 'August 14, 2012'),
(348, 2, 'night-warriors-darkstalkers-revenge', 'Capcom', '8.4', 'March 13, 2013'),
(349, 3, 'darwinia', 'Introversion Software', '8.9', 'February 10, 2010'),
(350, 4, 'data-fly', 'Not Available', 'NR', 'TBA'),
(351, 3, 'dawn-of-fantasy', 'Lighthouse Interactive', 'NR', 'February 11, 2011'),
(352, 2, 'daybreakers', 'TBA', 'NR', 'TBA'),
(353, 5, 'days-of-thunder-arcade', 'Paramount Digital Entertainment', 'NR', 'February 25, 2011'),
(354, 1, 'days-of-wrath', 'TBA', 'NR', 'TBA'),
(355, 4, 'daytona-usa', 'SEGA', '7', 'October 26, 2011'),
(356, 5, 'dead-block', 'Digital Reality', '3.5', 'July 6, 2011'),
(357, 3, 'dead-island', 'Deep Silver', '8', 'September 6, 2011'),
(358, 4, 'dead-island', 'Deep Silver', 'NR', 'September 6, 2011'),
(359, 1, 'dead-island-riptide', 'Deep Silver', '7.2', 'April 23, 2013'),
(360, 1, 'dead-island-ryder-white', 'Deep Silver', 'NR', 'February 1, 2012'),
(361, 5, 'dead-rising', 'Capcom', '8.3', 'August 8, 2006'),
(362, 2, 'dead-rising-2', 'Capcom', 'NR', 'September 28, 2010'),
(363, 1, 'dead-rising-2', 'Capcom', '8', 'September 28, 2010'),
(364, 4, 'dead-rising-2', 'Capcom', '8', 'Not Available'),
(365, 3, 'dead-rising-2', 'Capcom', 'NR', 'September 28, 2010'),
(366, 2, 'dead-rising-2-case-0', 'Capcom', '6.5', 'August 31, 2010'),
(367, 5, 'dead-rising-2-case-west', 'Capcom', '8.5', 'December 27, 2010'),
(368, 1, 'dead-rising-2-off-the-record', 'Capcom', '7', 'October 11, 2011'),
(369, 4, 'dead-space', 'Electronic Arts', '8.7', 'October 14, 2008'),
(370, 1, 'dead-space-2', 'Electronic Arts', '9', 'January 25, 2011'),
(371, 3, 'dead-space-2', 'Electronic Arts', 'NR', 'January 25, 2011'),
(372, 2, 'dead-space-2-severed', 'Electronic Arts', 'NR', 'March 1, 2011'),
(373, 1, 'dead-space-3', 'Electronic Arts', '7.8', 'February 5, 2013'),
(374, 3, 'dead-space-3-awakened', 'Electronic Arts', '8.2', 'March 12, 2013'),
(375, 2, 'dead-space-ignition', 'Electronic Arts', '4.5', 'October 13, 2010'),
(376, 2, 'dead-or-alive-4', 'Tecmo', '9', 'December 29, 2005'),
(377, 3, 'dead-or-alive-5', 'Tecmo', '8.8', 'September 25, 2012'),
(378, 4, 'dead-or-alive-5-ultimate', 'Tecmo', 'NR', 'September 3, 2013'),
(379, 2, 'dead-or-alive-5-last-round', 'Tecmo', 'NR', 'February 17, 2015'),
(380, 5, 'dead-or-alive-xtreme-2', 'Tecmo', '6.4', 'November 13, 2006'),
(381, 1, 'dead-or-alive-code-cronus', 'Tecmo', 'NR', 'Not Available'),
(382, 4, 'dead-to-rights-retribution', 'Bandai Namco Games', '6', 'April 27, 2010'),
(383, 5, 'deadfall-adventures', 'Nordic Games Publishing', 'NR', 'November 15. 2013'),
(384, 2, 'deadliest-catch-14238002', 'Greenwave', '6.4', 'June 16, 2008'),
(385, 1, 'deadliest-catch-sea-of-chaos', 'Crave Entertainment', '0', 'November 30, 2010'),
(386, 5, 'deadliest-warrior-ancient-combat', '345 Games', '3', 'April 17, 2012'),
(387, 5, 'deadliest-warrior-ancient-combat', 'Spike', 'NR', 'July 6, 2011'),
(388, 2, 'deadliest-warrior-the-game', 'Pipeworks Software', '7', 'July 14, 2010'),
(389, 5, 'deadlight-135814', 'Microsoft Game Studios', '7', 'August 1, 2012'),
(390, 1, 'deadly-premonition', 'Ignition Entertainment', '8.5', 'February 23, 2010'),
(391, 4, 'deadpool', 'Activision', '2', 'June 25, 2013'),
(392, 5, 'death-by-cube-151921', 'Square Enix', '6', 'January 20, 2010'),
(393, 3, 'death-road', 'TBA', '4.9', 'TBA'),
(394, 5, 'death-tank', 'Microsoft', 'NR', 'February 18, 2009'),
(395, 1, 'death-track-resurrection', '1C Company', '5.5', 'Q3 2010'),
(396, 4, 'death-to-spies-3', 'Aspyr', 'NR', 'TBA'),
(397, 5, 'deathsmiles', 'Aksys Games', 'NR', 'June 29, 2010'),
(398, 2, 'deathsmiles-iix', 'Cave', '7.5', 'May 17, 2011'),
(399, 3, 'deathspank', 'Electronic Arts', 'NR', 'July 14, 2010'),
(400, 4, 'deathspank-thongs-of-virtue', 'Electronic Arts', '8.5', 'September 22, 2010'),
(401, 3, 'ea-la-project-untitled', 'Electronic Arts', 'NR', 'TBA'),
(402, 2, 'ea-sports-active-2', 'Electronic Arts', '7', 'November 16, 2010'),
(403, 5, 'ea-sports-fantasy-football', 'Electronic Arts', 'NR', 'July 16, 2008'),
(404, 1, 'ea-sports-mma', 'Electronic Arts', '8', 'October 19, 2010'),
(405, 4, 'esa-foundation-xbox-360-holiday-bundle', 'ESA (Entertainment Software Association)', 'NR', 'October 23, 2007'),
(406, 5, 'etmd-extraterrestrials-must-die', 'Independent', 'NR', 'March 10, 2011'),
(407, 3, 'ezmuze-break-and-house-edition', 'Independent', 'NR', 'December 19, 2008'),
(408, 4, 'the-earth-defense-force-4', 'D3 Publisher', '6.5', 'February 18, 2014'),
(409, 1, 'earth-no-more', 'TBA', 'NR', 'TBA'),
(410, 1, 'earthworm-jim-26618', 'Gameloft', '7', 'June 9, 2010'),
(411, 5, 'easter-bunneh', 'Independent', 'NR', 'April 9, 2009'),
(412, 2, 'easy-golf', 'Barkers Crest', 'NR', 'November 20, 2008'),
(413, 1, 'easy-racing', 'Independent', 'NR', 'April 26, 2010'),
(414, 4, 'eat-lead-the-return-of-matt-hazard', 'D3 Publisher', '5.2', 'February 27, 2009'),
(415, 3, 'ecco-the-dolphin', 'SEGA', '6', 'August 15, 2007'),
(416, 2, 'echoes', 'Halfbrick Studios', 'NR', 'May 7, 2009'),
(417, 5, 'eclosion', 'Candella Software', 'NR', 'TBA'),
(418, 1, 'edge-of-twilight', 'Fuzzyeyes Entertainment', 'NR', 'TBA'),
(419, 4, 'eets', 'Klei Entertainment', '7.4', 'April 25, 2007'),
(420, 1, 'el-chavo-kart', 'Slang', 'NR', 'TBA'),
(421, 3, 'el-shaddai-ascension-of-the-metatron', 'Ignition Entertainment', '5', 'July 26, 2011'),
(422, 2, 'electronz', 'Independent', 'NR', 'May 25, 2010'),
(423, 1, 'electronic-arts-steven-spielberg-project-1-untitled', 'Electronic Arts', 'NR', 'Not Available'),
(424, 3, 'elements-of-destruction', 'THQ', '7.9', 'June 18, 2008'),
(425, 2, 'elfsquad7', 'Tykocom', 'NR', 'November 28, 2011'),
(426, 2, 'elveon', '10TACLE Studios', '7', 'Not Available'),
(427, 3, 'enchanted-arms', 'Ubisoft', 'NR', 'August 29, 2006'),
(428, 4, 'encleverment-experiment', 'Blitz Arcade', '7.6', 'November 11, 2009'),
(429, 2, 'enders-game-battle-room', 'TBA', '6', 'TBA'),
(430, 5, 'endless-swarm', 'Not Available', 'NR', 'November 19, 2008'),
(431, 1, 'enemy-front', 'CI Games', 'NR', 'June 10, 2014'),
(432, 4, 'enemy-territory-quake-wars', 'Activision', 'NR', 'May 27, 2008'),
(433, 5, 'enslaved', 'Bandai Namco Games', '6.1', 'Not Available'),
(434, 2, 'enslaved', 'Bandai Namco Games', 'NR', 'October 5, 2010'),
(435, 1, 'enslaved-pigsys-perfect-10', 'Bandai Namco Games', '8', 'November 23, 2010'),
(436, 5, 'eragon', 'Vivendi Games', 'NR', 'November 14, 2006'),
(437, 5, 'escape-dead-island', 'Deep Silver', '4.7', 'November 18, 2014'),
(438, 2, 'escape-goat', 'MagicalTimeBean', 'NR', 'November 2, 2011'),
(439, 5, 'eschatos', 'Not Available', 'NR', 'Not Available'),
(440, 1, 'espgaluda-ii', 'Not Available', 'NR', 'Japan only'),
(441, 4, 'eternal-light', 'TBA', 'NR', 'TBA'),
(442, 5, 'eternal-sonata', 'Bandai Namco Games', 'NR', 'September 17, 2007'),
(443, 3, 'eternitys-child', 'Not Available', '8.3', 'TBA'),
(444, 5, 'ever17', 'Not Available', 'NR', 'Import only'),
(445, 1, 'ever17', 'Not Available', 'NR', 'Import only'),
(446, 4, 'every-extend-extra-extreme', 'Not Available', 'NR', 'October 17, 2007'),
(447, 5, 'every-party', 'Microsoft', '8.5', 'Not Available'),
(448, 2, 'everyone-sing', 'O-Games', 'NR', 'September 4, 2012'),
(449, 3, 'evil-riders', 'TBA', 'NR', 'TBA'),
(450, 4, 'exhaust', 'Not Available', 'NR', 'January 14, 2009'),
(451, 1, 'exit', 'Taito', '7.6', 'October 23, 2007'),
(452, 4, 'exit-2', 'Taito', '6.5', 'February 25, 2009'),
(453, 5, 'extreme-rps-online', 'Independent', 'NR', 'August 2, 2009'),
(454, 2, 'eye-ball', 'Independent', 'NR', 'July 9, 2009'),
(455, 3, 'eyecandy-chromadose', 'Not Available', 'NR', 'June 10, 2009'),
(456, 4, 'ezmuze-hamst3r-edition', 'Independent', 'NR', '2009-05-01 00:00:00'),
(457, 3, 'fear', 'Vivendi Games', '9.1', 'October 31, 2006'),
(458, 2, 'fear-2-project-origin', 'Warner Bros.  Interactive', '8.1', 'February 10, 2009'),
(459, 5, 'fear-2-reborn', 'Warner Bros.  Interactive', 'NR', 'September 3, 2009'),
(460, 1, 'fear-3', 'Warner Bros.  Interactive', '8', 'June 21, 2011'),
(461, 4, 'fear-files', 'Sierra', '6.7', 'November 6, 2007'),
(462, 4, 'f1-2010', 'Codemasters', 'NR', 'September 22, 2010'),
(463, 5, 'f1-2011', 'Codemasters', '8.5', 'September 23, 2011'),
(464, 4, 'f1-2012', 'Codemasters', '9', 'September 18, 2012'),
(465, 1, 'f1-2013', 'Codemasters', '8', 'October 8, 2013'),
(466, 1, 'f1-2014', 'Codemasters', 'NR', 'October 21, 2014'),
(467, 5, 'f1-race-stars', 'Codemasters', '5.2', 'TBA'),
(468, 3, 'fifa-06-road-to-fifa-world-cup', 'Electronic Arts', '6.9', 'November 16, 2005'),
(469, 1, 'fifa-soccer-14', 'Electronic Arts', '9.1', 'September 24, 2013'),
(470, 4, 'fifa-15', 'Electronic Arts', 'NR', 'September 23, 2014'),
(471, 3, 'fifa-soccer-07', 'Electronic Arts', '6.8', 'October 31, 2006'),
(472, 2, 'fifa-soccer-08', 'Electronic Arts', '7.9', 'October 9, 2007'),
(473, 5, 'fifa-soccer-09', 'Electronic Arts', '8.6', 'October 14, 2008'),
(474, 1, 'fifa-soccer-09-ultimate-team', 'Electronic Arts', 'NR', 'March 19, 2009'),
(475, 4, 'fifa-soccer-10', 'Electronic Arts', '9', 'October 20, 2009'),
(476, 1, 'fifa-soccer-10-ultimate-team', 'Electronic Arts', 'NR', 'February 25, 2010'),
(477, 3, 'fifa-soccer-11', 'Electronic Arts', '8.5', 'September 28, 2010'),
(478, 2, 'fifa-soccer-12', 'Electronic Arts', '9.5', 'September 27, 2011'),
(479, 1, 'fifa-soccer-13', 'Electronic Arts', '9', 'September 25, 2012'),
(480, 3, 'fifa-street', 'Electronic Arts', '8', 'March 13, 2012'),
(481, 2, 'fifa-street-3', 'Electronic Arts', '6.7', 'February 18, 2008'),
(482, 2, 'fable', 'Microsoft', 'NR', 'December 4, 2007'),
(483, 3, 'fable-anniversary', 'Microsoft', '8', 'February 4, 2014'),
(484, 4, 'fable-heroes', 'Microsoft', '5', 'May 2, 2012'),
(485, 2, 'fable-ii', 'Microsoft', '8.8', 'October 21, 2008'),
(486, 5, 'fable-ii', 'Microsoft', '8.8', 'January 5, 2010'),
(487, 1, 'fable-ii', 'Microsoft', '8.8', 'October 21, 2008'),
(488, 4, 'fable-ii', 'Microsoft', 'NR', 'September 29, 2009'),
(489, 5, 'fable-ii', 'Microsoft', 'NR', 'TBA'),
(490, 2, 'fable-ii', 'Microsoft', 'NR', 'TBA'),
(491, 1, 'fable-ii', 'Microsoft', 'NR', 'TBA'),
(492, 4, 'fable-ii', 'Microsoft', 'NR', 'TBA'),
(493, 3, 'fable-ii', 'Microsoft', '6.4', 'August 13, 2008'),
(494, 2, 'fable-ii', 'Microsoft', '6', 'May 12, 2009'),
(495, 3, 'fable-iii', 'Microsoft', '8.5', 'October 26, 2010'),
(496, 1, 'fable-iii', 'Microsoft', 'NR', 'October 26, 2010'),
(497, 4, 'fable-iii-traitors-keep', 'Microsoft', '8', 'March 1, 2011'),
(498, 5, 'fable-iii-understone-quest-pack', 'Microsoft', '4.5', 'November 23, 2010'),
(499, 3, 'fable-the-journey', 'Microsoft', '7.2', 'October 9, 2012'),
(500, 5, 'facebreaker', 'Electronic Arts', '5', 'September 3, 2008'),
(501, 1, 'faery-legends-of-avalon', 'Focus Home Interactive', '7', 'November 10, 2010'),
(502, 4, 'fairy-tales-three-heroes', 'TBA', 'NR', 'Not Available'),
(503, 5, 'fairytale-fights', 'Playlogic', '5.1', 'October 27, 2009'),
(504, 2, 'faith-and-a-45', 'TBA', 'NR', 'Not Available'),
(505, 3, 'falldown', 'Independent', 'NR', 'January 01, 2009'),
(506, 4, 'fallen-frontier', 'Moonshot Games', 'NR', 'Cancelled'),
(507, 3, 'falling-skies-the-game', 'Little Orbit', 'NR', 'September 30, 2014'),
(508, 2, 'fallout-3', 'Bethesda  Softworks', '9.6', 'October 28, 2008'),
(509, 5, 'fallout-3', 'Bethesda  Softworks', '9.6', 'October 28, 2008'),
(510, 1, 'fallout-3', 'Bethesda  Softworks', '9.6', 'October 28, 2008'),
(511, 4, 'fallout-3-dlc-broken-steel', 'Bethesda  Softworks', '8.5', 'May 5, 2009'),
(512, 4, 'fallout-3-game-add-on-pack-2-broken-steel-and-point-lookout', 'Bethesda  Softworks', 'NR', 'August 25, 2009'),
(513, 5, 'fallout-3-game-add-on-pack-the-pitt-and-operation-anchorage', 'Bethesda  Softworks', 'NR', 'May 26, 2009'),
(514, 4, 'fallout-3-game-of-the-year-edition', 'Bethesda  Softworks', '9.6', 'October 13, 2009'),
(515, 1, 'fallout-3-dlc-mothership-zeta', 'Bethesda  Softworks', '7', 'August 3, 2009'),
(516, 1, 'fallout-3-dlc-operation-anchorage', 'Bethesda  Softworks', '7.8', 'January 27, 2009'),
(517, 5, 'fallout-3-dlc-point-lookout', 'Bethesda  Softworks', '8.5', 'June 23, 2009'),
(518, 3, 'fallout-3-dlc-the-pitt', 'Bethesda  Softworks', '7.5', 'March 24, 2009'),
(519, 1, 'fallout-new-vegas-ultimate-edition', 'Bethesda  Softworks', 'NR', 'February 7, 2012'),
(520, 4, 'fallout-new-vegas', 'Bethesda  Softworks', 'NR', 'October 19. 2010'),
(521, 3, 'fallout-new-vegas', 'Bethesda  Softworks', '8.5', 'October 19. 2010'),
(522, 2, 'fallout-new-vegas-dead-money', 'Bethesda  Softworks', '6.5', 'December 21, 2010'),
(523, 5, 'fallout-new-vegas-ultimate-edition', 'Bethesda  Softworks', '7.5', 'May 17, 2011'),
(524, 1, 'fallout-new-vegas-lonesome-road', 'Bethesda  Softworks', '6.5', 'September 20, 2011'),
(525, 4, 'fallout-new-vegas-old-world-blues', 'Bethesda  Softworks', '8', 'June 19, 2011'),
(526, 1, 'family-feud-2012-edition', 'Ludia', 'NR', 'October 18, 2011'),
(527, 3, 'family-guy-back-to-the-multiverse', 'Activision', '6', 'November 20, 2012'),
(528, 2, 'fantastic-4-rise-of-the-silver-surfer', 'Take-Two Interactive', '5.4', 'June 15, 2007'),
(529, 1, 'fantastic-pets', 'THQ', '7.5', 'April 12, 2011'),
(530, 3, 'far-cry-2', 'Ubisoft', '8.8', 'October 21, 2008'),
(531, 2, 'far-cry-2', 'Ubisoft', 'NR', 'October 21, 2008'),
(532, 2, 'far-cry-3', 'Ubisoft', '9', 'December 4, 2012'),
(533, 3, 'far-cry-3-blood-dragon', 'Ubisoft', '8', 'May 1, 2013'),
(534, 4, 'far-cry-4', 'Ubisoft', '8.5', 'November 18, 2014'),
(535, 2, 'far-cry-4-valley-of-the-yetis', 'Ubisoft', 'NR', 'March 10, 2015'),
(536, 5, 'far-cry', 'Ubisoft', 'NR', 'February 13, 2014'),
(537, 1, 'far-cry-instincts-evolution', 'Ubisoft', '8.3', 'March 28, 2006'),
(538, 4, 'far-cry-the-wild-expedition', 'Not Available', 'NR', 'Import only'),
(539, 5, 'far-east-of-eden-ziria-tales-from-distant-jipang', 'Hudson Soft', 'NR', 'Not Available'),
(540, 2, 'farming-simulator-2013', 'Focus Home Interactive', 'NR', 'November 19, 2013'),
(541, 1, 'farming-simulator-15', 'Focus Home Interactive', 'NR', '2015-05-01 00:00:00'),
(542, 4, 'fast-furious-showdown', 'Activision', '2.5', 'May 21, 2013'),
(543, 3, 'fatal-fury-special', 'SNK Playmore', '6.7', 'September 5, 2007'),
(544, 2, 'fatal-fury-mark-of-the-wolves', 'SNK Playmore', '7.8', 'June 24, 2009'),
(545, 3, 'fatal-inertia', 'KOEI', '6', 'September 11, 2007'),
(546, 1, 'fear-respect', 'Midway  Games', 'NR', 'Cancelled - Was to be 2006'),
(547, 4, 'fear-effect-3-rumored', 'Eidos Interactive', 'NR', 'TBA'),
(548, 5, 'feeding-frenzy', 'PopCap Games', '6.6', 'March 15, 2006'),
(549, 3, 'feeding-frenzy-2', 'PopCap Games', '7', 'September 17, 2008'),
(550, 5, 'ferrari-project', '10TACLE Studios', '4', 'Not Available'),
(551, 1, 'fez', 'Polytron', 'NR', 'April 13, 2012'),
(552, 4, 'field-and-stream-total-outdoorsman-challenge', '505 Games', '9.5', 'June 22, 2010'),
(553, 5, 'field-goal-contest', 'Not Available', '5', 'TBA'),
(554, 2, 'fields-soldier-of-time', 'Not Available', 'NR', 'January 27, 2009'),
(555, 3, 'fight-night-champion', 'Electronic Arts', 'NR', 'March 1, 2011'),
(556, 4, 'fight-night-round-3', 'Electronic Arts', 'NR', 'February 20, 2006'),
(557, 3, 'g-force', 'Disney Interactive Studios', 'NR', 'September 30, 2014'),
(558, 2, 'gi-joe-the-rise-of-cobra-the-game', 'Electronic Arts', '9.6', 'October 28, 2008'),
(559, 5, 'grev-project-untitled', 'Not Available', '9.6', 'October 28, 2008'),
(560, 1, 'get-to-tha-choppa1-140533', 'Independent', '9.6', 'October 28, 2008'),
(561, 4, 'gtr', 'TBA', '8.5', 'May 5, 2009'),
(562, 4, 'galgun', 'Not Available', 'NR', 'August 25, 2009'),
(563, 5, 'galactic-command-talon-elite', '3000AD', 'NR', 'May 26, 2009'),
(564, 4, 'galactic-command-excalibur-episode-1', 'Not Available', '9.6', 'October 13, 2009'),
(565, 1, 'galactic-command-knightblade', 'Not Available', '7', 'August 3, 2009'),
(566, 1, 'galaga', 'Bandai Namco Games', '7.8', 'January 27, 2009'),
(567, 5, 'galaga-legions', 'Bandai Namco Games', '8.5', 'June 23, 2009'),
(568, 3, 'galaga-legions-dx', 'Bandai Namco Games', '7.5', 'March 24, 2009'),
(569, 1, 'galax-e-mail', 'Not Available', 'NR', 'February 7, 2012'),
(570, 1, 'gallery-landscapes', 'Independent', 'NR', 'October 19. 2010'),
(571, 3, 'game-about-a-soup-factory', 'Independent', '8.5', 'October 19. 2010'),
(572, 5, 'game-party-4', 'Warner Bros.  Interactive', '6.5', 'December 21, 2010'),
(573, 5, 'game-room', 'Microsoft', '7.5', 'May 17, 2011'),
(574, 1, 'game-training-vol-2-flight', 'Independent', '6.5', 'September 20, 2011'),
(575, 4, 'game-training-vol-1-dexterity', 'Independent', '8', 'June 19, 2011'),
(576, 1, 'game-of-thrones', 'Atlus', 'NR', 'October 18, 2011'),
(577, 3, 'game-of-thrones-a-telltale-games-series', 'Telltale Games', '6', 'November 20, 2012'),
(578, 2, 'game-of-thrones-episode-1', 'Telltale Games', '5.4', 'June 15, 2007'),
(579, 1, 'game-of-thrones-episode-2', 'Telltale Games', '7.5', 'April 12, 2011'),
(580, 3, 'game-of-thrones-episode-3', 'Telltale Games', '8.8', 'October 21, 2008'),
(581, 2, 'game-of-thrones-episode-4', 'Telltale Games', '7.3', 'July 21, 2009'),
(582, 2, 'game-of-thrones-episode-5', 'Telltale Games', '5.8', 'August 4, 2009'),
(583, 3, 'game-of-thrones-episode-6', 'Telltale Games', 'NR', 'TBA'),
(584, 4, 'gamerbots-third-robot-shooting', 'Independent', 'NR', 'May 16, 2010'),
(585, 2, 'gamma-world', 'Atari', 'NR', 'Not Available'),
(586, 2, 'garrett-the-slug', 'Not Available', 'NR', 'Import Only'),
(587, 1, 'gatling-gears', 'Electronic Arts', 'NR', 'Not Available'),
(588, 4, 'gauntlet', 'Midway  Games', 'NR', 'Not Available'),
(589, 5, 'gauntlet-seven-sorrows', 'Midway  Games', 'NR', 'Not Available'),
(590, 2, 'gears-of-war', 'Microsoft', '7', 'July 26, 2006'),
(591, 1, 'gears-of-war', 'Microsoft', '7.7', 'August 20, 2008'),
(592, 5, 'gears-of-war-2', 'Microsoft', '6.5', 'June 29, 2011'),
(593, 3, 'gears-of-war-2', 'Microsoft', 'NR', 'November 19, 2008'),
(594, 2, 'gears-of-war-2', 'Microsoft', 'NR', 'July 5, 2009'),
(595, 3, 'gears-of-war-2', 'Microsoft', 'NR', 'April 19, 2009'),
(596, 1, 'gears-of-war-3', 'Microsoft', 'NR', 'November 18, 2010'),
(597, 4, 'gears-of-war-3', 'Microsoft', '0', 'March 24, 2010'),
(598, 5, 'gears-of-war-3', 'Microsoft', 'NR', 'July 29, 2009'),
(599, 3, 'gears-of-war-3-raams-shadow', 'Microsoft', 'NR', 'July 3, 2009'),
(600, 5, 'gears-of-war', 'Microsoft', '4', 'May 15, 2012'),
(601, 1, 'gears-of-war', 'Microsoft', 'NR', 'December 3, 2014 '),
(602, 4, 'gears-of-war-exile', 'Microsoft', 'NR', 'December 3, 2014'),
(603, 2, 'gears-of-war-project', 'Microsoft', 'NR', 'February 3, 2015'),
(604, 2, 'gel-set-match', 'Microsoft', 'NR', 'March 25, 2015'),
(605, 3, 'generator-rex-agent-of-providence', 'Activision', 'NR', 'TBA 2015'),
(606, 4, 'geometry-wars-3-dimensions', 'Sierra', 'NR', 'TBA 2015'),
(607, 3, 'geometry-wars-retro-evolved', 'Bizarre Creations', '8', 'November 22, 2005'),
(608, 2, 'geometry-wars-retro-evolved-2', 'Activision', '8.3', 'July 30, 2008'),
(609, 5, 'geon', 'Eidos Interactive', '6.8', 'September 19, 2007'),
(610, 1, 'gerbil-physics-2', 'Beringela', 'NR', 'May 17, 2010'),
(611, 4, 'german-101', 'Independent', 'NR', 'June 25, 2010'),
(612, 4, 'get-fit-with-mel-b', 'Deep Silver', 'NR', 'TBA'),
(613, 5, 'get-the-ball', 'Independent', 'NR', 'July 11, 2009'),
(614, 4, 'ghastlyghouls', 'Independent', 'NR', 'July 31, 2009'),
(615, 1, 'ghetto-golf', 'TBA', 'NR', 'TBA'),
(616, 1, 'ghostbusters-prototype-version', 'Not Available', 'NR', 'Prototype only'),
(617, 5, 'ghostbusters-sanctum-of-slime', 'Atari', '4.5', 'March 23, 2011'),
(618, 3, 'ghostbusters-2009', 'Atari', '8', 'June 16, 2009'),
(619, 1, 'project-giana', 'Black Forest Games', 'NR', 'March 20, 2013'),
(620, 1, 'gin-rummy', 'Sierra', '6.3', 'September 3, 2008'),
(621, 3, 'girl-fight', 'Majesco', 'NR', 'September 25, 2013'),
(622, 5, 'go-3d', 'Frogslayer Studios', 'NR', 'April 30, 2009'),
(623, 5, 'go-go-ufo-smackdown', 'Not Available', 'NR', 'March 23, 2009'),
(624, 1, 'go-go-break-steady', 'Microsoft', '7.3', 'July 23, 2008'),
(625, 4, 'go-go-rescue-squad', 'Connect2Media', 'NR', 'Cancelled'),
(626, 1, 'goat-simulator', 'Coffee Stain Studios', '8', '2015-04-01 00:00:00'),
(627, 3, 'god-mode', 'Atlus', '6.7', 'April 19, 2013'),
(628, 2, 'golden-axe', 'SEGA', '7.5', 'July 11, 2007'),
(629, 1, 'golden-axe-beast-rider', 'SEGA', '3.2', 'October 14, 2008'),
(630, 3, 'golden-fantasia', 'Not Available', 'NR', 'Not Available'),
(631, 2, 'golden-fantasia', 'Not Available', 'NR', 'Not Available'),
(632, 2, 'golden-royal-blackjack', 'Star Gaming Network', 'NR', 'December 5, 2008'),
(633, 3, 'golden-royal-hold-em', 'Not Available', 'NR', 'June 9, 2009'),
(634, 4, 'goldeneye', 'Not Available', 'NR', 'Not Available'),
(635, 2, 'goldeneye-007', 'Activision', '8.5', 'November 1, 2011'),
(636, 2, 'golf-tee-it-up', 'Activision', '8.2', 'July 9, 2008'),
(637, 1, 'gotham-city-impostors', 'Warner Bros.  Interactive', '7', 'February 8, 2012'),
(638, 4, 'grabbed-by-the-ghoulies', 'Microsoft', 'NR', 'February 16, 2009'),
(639, 5, 'grand-raid-offroad', 'Not Available', 'NR', 'TBA'),
(640, 2, 'grand-slam-tennis', 'Electronic Arts', 'NR', 'TBA'),
(641, 1, 'grand-slam-tennis-2', 'Electronic Arts', '8.5', 'February 14, 2012'),
(642, 5, 'grand-theft-auto-iv', 'Rockstar  Games', '10', 'April 29, 2008'),
(643, 3, 'grand-theft-auto-iv', 'Rockstar  Games', '10', 'April 29, 2008'),
(644, 2, 'grand-theft-auto-iv-the-ballad-of-gay-tony', 'Rockstar  Games', '9.2', 'October 29, 2009'),
(645, 3, 'grand-theft-auto-iv-the-complete-edition', 'Rockstar  Games', 'NR', 'October 26, 2010'),
(646, 1, 'grand-theft-auto-iv-the-lost-and-damned', 'Rockstar  Games', '9', 'February 17, 2009'),
(647, 4, 'grand-theft-auto-online', 'Rockstar  Games', 'NR', 'October 1, 2013'),
(648, 5, 'grand-theft-auto-v', 'Rockstar  Games', '10', 'September 17, 2013'),
(649, 3, 'grand-theft-auto-iv-episodes-from-liberty-city', 'Rockstar  Games', '9.2', 'October 29, 2009'),
(650, 5, 'grand-theft-auto-san-andreas', 'Rockstar  Games', 'NR', 'October 20, 2008'),
(651, 1, 'grand-theft-auto-san-andreas', 'Rockstar  Games', '7.8', 'TBA'),
(652, 4, 'graphspacer', 'Independent', 'NR', 'December 7, 2008'),
(653, 2, 'graphspacer-black', 'Independent', 'NR', 'April 18, 2009'),
(654, 3, 'grav-sheep', 'Independent', 'NR', 'May 18, 2009'),
(655, 4, 'gravitron-ultra', 'Microsoft', 'NR', 'TBA'),
(656, 3, 'hail-to-the-chimp', 'Gamecock', '3.5', 'June 24, 2008'),
(657, 2, 'half-life-2-episode-three', 'Valve', 'NR', 'TBA'),
(658, 5, 'half-minute-hero', 'Microsoft', '8', 'June 29, 2011'),
(659, 1, 'halo-3', 'Microsoft', '9.5', 'September 25, 2007'),
(660, 4, 'halo-3', 'Microsoft', '9.5', 'September 25, 2007'),
(661, 4, 'halo-3', 'Microsoft', '9.5', 'September 25, 2007'),
(662, 5, 'halo-3-odst', 'Microsoft Game Studios', '9', 'September 22, 2009'),
(663, 4, 'halo-3-odst', 'Microsoft Game Studios', 'NR', 'September 22, 2009'),
(664, 1, 'halo-4', 'Microsoft Game Studios', '9.8', 'November 6, 2012'),
(665, 1, 'halo-4', 'Microsoft Game Studios', '9.8', 'October 1, 2013'),
(666, 5, 'halo-4', 'Microsoft Game Studios', '9.8', 'November 6, 2012'),
(667, 4, 'halo-mmo-project', 'Microsoft', 'NR', 'Not Available'),
(668, 1, 'halo-wars', 'Microsoft', '8.4', 'March 3, 2009'),
(669, 1, 'halo-wars', 'Microsoft', '8.4', 'March 3, 2009'),
(670, 1, 'halo-combat-evolved', 'Microsoft', 'NR', 'December 4, 2007'),
(671, 5, 'halo-combat-evolved-anniversary', 'Microsoft Game Studios', '8', 'November 15, 2011'),
(672, 5, 'halo-reach', 'Microsoft', '9.5', 'September 14, 2010'),
(673, 1, 'halo-reach', 'Microsoft', '9.5', 'September 14, 2010'),
(674, 4, 'halo-reach', 'Microsoft', '9.5', 'September 14, 2010'),
(675, 1, 'halo-spartan-assault', 'Microsoft Game Studios', 'NR', '2014-01-01 00:00:00'),
(676, 3, 'hamiltons-great-adventure', 'Not Available', 'NR', 'TBA'),
(677, 2, 'hamster-corp-project-untitled', 'Not Available', 'NR', 'TBA'),
(678, 1, 'hangmans-revenge', 'Not Available', 'NR', 'June 5, 2009'),
(679, 3, 'hannah-montana-the-movie', 'Disney Interactive Studios', '2.3', 'April 7, 2009'),
(680, 2, 'hannspree-ten-kate-honda-sbk-superbike-world-championship', 'Not Available', 'NR', 'Not Available'),
(681, 1, 'happy-action-theater-140196', 'Microsoft Game Studios', '8', 'February 1, 2012'),
(682, 3, 'happy-feet-two', 'Warner Bros.  Interactive', 'NR', 'November 8, 2011'),
(683, 4, 'happy-tree-friends-false-alarm', 'SEGA', '6.2', '2007-12-01 00:00:00'),
(684, 2, 'happy-wars', 'Microsoft', '4', 'October 12, 2012'),
(685, 2, 'happyface', 'Independent', 'NR', 'January 01, 2009'),
(686, 1, 'hard-corps-uprising', 'Konami', '8.5', 'February 16, 2011'),
(687, 4, 'hardgrip', 'Not Available', 'NR', 'TBA'),
(688, 5, 'hardwood-backgammon', 'Not Available', '6.8', 'December 8, 2005'),
(689, 1, 'hardwood-hearts', 'Not Available', '6.8', 'December 8, 2005'),
(690, 1, 'hardwood-spades', 'Not Available', 'NR', 'December 8, 2005'),
(691, 5, 'harker', 'TBA', 'NR', 'On Hold (possibly cancelled)'),
(692, 3, 'harley-pasternaks-hollywood-workout', 'Majesco', 'NR', 'September 17, 2012'),
(693, 2, 'harmonix-other-project-untitled', 'Electronic Arts', 'NR', 'TBA'),
(694, 3, 'harms-way-152264', 'Microsoft Game Studios', 'NR', 'December 8, 2010'),
(695, 1, 'harold', 'Not Available', 'NR', 'TBA'),
(696, 4, 'harry-potter-and-the-deathly-hallows-part-1', 'Electronic Arts', '2.5', 'November 16, 2010'),
(697, 5, 'harry-potter-and-the-deathly-hallows-part-2', 'Electronic Arts', '5.5', 'July 12, 2011'),
(698, 3, 'harry-potter-and-the-half-blood-prince', 'Electronic Arts', '7.7', 'June 30, 2009'),
(699, 1, 'harry-potter-and-the-order-of-the-phoenix', 'Electronic Arts', '7.6', 'June 25, 2007'),
(700, 1, 'harry-potter-for-kinect', 'Warner Bros.  Interactive', 'NR', 'October 9, 2012'),
(701, 4, 'hasbro-family-game-night', 'Electronic Arts', 'NR', 'November 10, 2009');
INSERT INTO `gamelist` (`id`, `consoleId`, `gameName`, `publisher`, `ratings`, `releaseDate`) VALUES
(702, 2, 'hasbro-family-game-night', 'Electronic Arts', '8', 'March 18, 2009'),
(703, 2, 'hasbro-family-game-night-14349041', 'Electronic Arts', 'NR', 'November 1, 2011'),
(704, 3, 'hasbro-family-game-night-3', 'Electronic Arts', 'NR', 'October 26, 2010'),
(705, 4, 'hasbro-family-game-night-4-the-game-show', 'Electronic Arts', 'NR', 'November 1, 2011'),
(706, 3, 'battleship-2009', 'Electronic Arts', '6', 'March 18, 2009'),
(707, 2, 'hasbro-family-game-night-boggle', 'Electronic Arts', '7', 'May 27, 2009'),
(708, 2, 'hasbro-family-game-night-connect-4x4', 'Electronic Arts', '2.5', 'August 25, 2010'),
(709, 1, 'connect-four-14323603', 'Electronic Arts', '7.5', 'March 18, 2009'),
(710, 4, 'hasbro-family-game-night-jenga', 'Electronic Arts', '6', 'August 25, 2010'),
(711, 4, 'hasbro-family-game-night-pictureka', 'Electronic Arts', '3', 'August 25, 2010'),
(712, 2, 'hasbro-family-game-night-scrabble', 'Electronic Arts', '7.7', 'March 18, 2009'),
(713, 4, 'hasbro-family-game-night-sorry', 'Electronic Arts', '8', 'March 18, 2009'),
(714, 2, 'hasbro-family-game-night-sorry-sliders', 'Electronic Arts', '7.5', 'June 29, 2009'),
(715, 1, 'hasbro-family-game-night-yahtzee', 'Electronic Arts', '8', 'March 18, 2009'),
(716, 5, 'haunt', 'Microsoft Game Studios', 'NR', 'January 19, 2012'),
(717, 4, 'haunted-house', 'Atari', 'NR', 'October 7, 2010'),
(718, 1, 'haze', 'Ubisoft', 'NR', 'Not Available'),
(719, 1, 'heat', 'Not Available', 'NR', 'Cancelled (2009)'),
(720, 1, 'heavy-fire-afghanistan', 'Mastiff', 'NR', 'TBA'),
(721, 5, 'heavy-fire-shattered-spear', 'Mastiff', 'NR', 'January 29, 2013'),
(722, 5, 'heavy-payload', 'Independent', 'NR', 'July 30, 2009'),
(723, 1, 'heavy-weapon-deluxe', 'PopCap Games', '7.3', 'January 17, 2007'),
(724, 2, 'heist', 'Codemasters', 'NR', 'Cancelled (2010)'),
(725, 1, 'heli-good-spelunker', 'Not Available', 'NR', 'June 6, 2009'),
(726, 3, 'hell-yeah-wrath-of-the-dead-rabbit', 'SEGA', '4.9', 'October 24, 2012'),
(727, 2, 'hellboy-the-science-of-evil', 'Konami', '3.5', 'June 24, 2008'),
(728, 1, 'hellion-mystery-of-the-inquisition', 'TBA', 'NR', 'Not Available'),
(729, 3, 'heroes', 'Ubisoft', 'NR', 'Canceled (2009)'),
(730, 2, 'heroes-over-europe', 'Ubisoft', '6', 'September 15, 2009'),
(731, 1, 'hexement', 'Independent', 'NR', 'April 11, 2009'),
(732, 3, 'hexic-2', 'Microsoft Game Studios', '6.5', 'August 15, 2007'),
(733, 4, 'hexic-hd', 'Microsoft', '7.5', 'November 22, 2005'),
(734, 2, 'hexodius', 'Bandai Namco Games', 'NR', 'October 16, 2013'),
(735, 2, 'hexothermic', 'Independent', 'NR', 'January 01, 2009'),
(736, 1, 'hexy-trench', 'Independent', 'NR', 'March 11, 2009'),
(737, 4, 'hideo-kojima-fox-engine-project', 'Konami', 'NR', 'TBA'),
(738, 5, 'hieronymus-bash', 'Independent', 'NR', 'April 10, 2009'),
(739, 1, 'high-school-musical-3-senior-year', 'Disney Interactive Studios', '5', 'November 4, 2008'),
(740, 1, 'highlander-the-game', 'Square Enix', 'NR', 'Not Available'),
(741, 5, 'history-great-battles-medieval', 'Not Available', 'NR', 'May 3, 2011'),
(742, 3, 'history-civil-war-secret-missions', 'Activision', '5', 'November 4, 2008'),
(743, 2, 'history-legends-of-war-patton', 'Maximum Family Games', 'NR', 'November 20, 2012'),
(744, 3, 'hitman-trilogy', 'Square Enix', '8', 'February 1, 2013'),
(745, 2, 'hitman-absolution', 'Square Enix', '9', 'November 20, 2012'),
(746, 4, 'hitman-blood-money', 'Eidos Interactive', '8', 'May 30, 2006'),
(747, 5, 'hitman-sniper-challenge', 'Square Enix', 'NR', 'May 15, 2012'),
(748, 3, 'hive', 'Independent', 'NR', 'November 28, 2008'),
(749, 2, 'hole-in-the-wall-108893', 'Ludia', '5', 'August 24, 2011'),
(750, 2, 'hole-in-the-wall-108893', 'Ubisoft', 'NR', 'November 20, 2011'),
(751, 4, 'homerun-stars', 'Microsoft', 'NR', 'October 26, 2012'),
(752, 2, 'homefront', 'THQ', '7', 'March 15, 2011'),
(753, 2, 'honor-in-vengeance-ii', 'MichaelArts', 'NR', 'August 5, 2011'),
(754, 3, 'hoopworld', 'Not Available', 'NR', 'TBA'),
(755, 2, 'horn-swaggle-islands', 'Independent', 'NR', 'July 30, 2009'),
(756, 3, 'i-am-alive', 'Ubisoft', '4.5', 'March 7, 2012'),
(757, 2, 'i-maed-a-gam3-w1th-z0mb1es-1n-it1', 'Independent', 'NR', 'August 16, 2009'),
(758, 2, 'il-2-sturmovik-birds-of-prey', '505 Games', '8.6', 'September 8, 2009'),
(759, 1, 'ice-9', 'Independent', 'NR', 'July 20, 2009'),
(760, 4, 'ice-age-continental-drift-arctic-games', 'Activision', 'NR', 'July 10, 2012'),
(761, 4, 'ice-age-dawn-of-the-dinosaurs', 'Activision', '6.5', 'June 30, 2009'),
(762, 2, 'ikaruga', 'Treasure', '9', 'April 9, 2008'),
(763, 3, 'illusion-softworks-project-untitled', 'Not Available', 'NR', 'TBA'),
(764, 2, 'illusions-360', 'Not Available', 'NR', 'June 2, 2009'),
(765, 1, 'ilomilo', 'Microsoft Game Studios', '8', 'January 5, 2011'),
(766, 5, 'import-tuner-challenge', 'Ubisoft', '5.9', 'September 27, 2006'),
(767, 4, 'in-the-pit', 'Not Available', 'NR', 'November 19, 2008'),
(768, 1, 'incarnate', 'TBA', 'NR', 'TBA'),
(769, 1, 'inception-the-game-rumored', 'Not Available', 'NR', 'TBA'),
(770, 1, 'incursion', 'Independent', 'NR', 'May 27, 2009'),
(771, 5, 'indiana-jones', 'LucasArts', 'NR', 'TBA'),
(772, 5, 'indianapolis-500-evolution', 'Destineer', 'NR', 'September 30, 2009'),
(773, 1, 'indigo-prophecy', 'Atari', 'NR', 'December 4, 2007'),
(774, 2, 'indirian-solitaire', 'Independent', 'NR', 'January 01, 2009'),
(775, 1, 'inertia', 'SpecialTopics', 'NR', 'October 31, 2010'),
(776, 3, 'infernal', 'Playlogic', '4', 'June 30, 2009'),
(777, 2, 'inferno-pool', 'Deep Silver', '5.3', 'October 28, 2009'),
(778, 1, 'infinite-undiscovery-139536', 'Square Enix', '7.1', 'September 2, 2008'),
(779, 3, 'infraworld', 'Not Available', 'NR', 'Not Available'),
(780, 2, 'inis-xbox-360-project-untitled', 'Not Available', 'NR', 'TBA'),
(781, 1, 'injustice-gods-among-us', 'Warner Bros.  Interactive', '8.2', 'April 16, 2013'),
(782, 3, 'injustice-gods-among-us-ultimate-edition', 'Warner Bros.  Interactive', 'NR', 'November 12, 2013'),
(783, 4, 'insanely-twisted-shadow-planet', 'Fuelcell Games', '8', 'August 3, 2011'),
(784, 2, 'intellivision-lives', 'Crave Entertainment', 'NR', 'September 15, 2008'),
(785, 2, 'international-cricket-2010', 'Not Available', 'NR', 'Not Available'),
(786, 1, 'agents-of-interpol', 'Microsoft', '4.5', 'January 7, 2009'),
(787, 4, 'interstellar-marines', 'TBA', 'NR', 'TBA'),
(788, 5, 'inversion', 'Bandai Namco Games', '5.5', 'June 5, 2012'),
(789, 1, 'invincible-tiger-the-legend-of-han-tao', 'Bandai Namco Games', '6.6', 'August 26, 2009'),
(790, 1, 'ion-assault', 'Black Inc.', '7.8', 'September 23, 2009'),
(791, 5, 'iris', 'Altered Reality', 'NR', 'May 11, 2009'),
(792, 3, 'iron-brigade', 'Microsoft Game Studios', '9', 'June 22, 2011'),
(793, 2, 'iron-brigade-rise-of-the-martian-bear', 'Microsoft Game Studios', 'NR', 'February 1, 2012'),
(794, 3, 'iron-lore-project-untitled', 'TBA', 'NR', 'TBA'),
(795, 2, 'iron-man', 'SEGA', '3.8', 'May 2, 2008'),
(796, 4, 'iron-man-2', 'SEGA', '5.1', 'May 4, 2010'),
(797, 5, 'islands-of-wakfu', 'Ankama Studio', 'NR', 'March 30, 2011'),
(798, 3, 'izle', 'Not Available', 'NR', 'TBA 2016'),
(799, 3, 'hole-in-the-wall-108893', 'Ludia', '5', 'August 24, 2011'),
(800, 3, 'hole-in-the-wall', 'Ubisoft', 'NR', 'November 20, 2011'),
(801, 4, 'homerun-stars', 'Microsoft', 'NR', 'October 26, 2012'),
(802, 2, 'homefront', 'THQ', '7', 'March 15, 2011'),
(803, 2, 'honor-in-vengeance-ii', 'MichaelArts', 'NR', 'August 5, 2011'),
(804, 3, 'hoopworld', 'Not Available', 'NR', 'TBA'),
(805, 2, 'horn-swaggle-islands', 'Independent', 'NR', 'July 30, 2009'),
(806, 3, 'jasf-janes-advanced-strike-fighters', 'Maximum Family Games', 'NR', 'October 18, 2011'),
(807, 2, 'jackpot-stadium', 'Independent', 'NR', 'March 1, 2009'),
(808, 2, 'jade-empire', 'Microsoft', 'NR', 'July 21, 2008'),
(809, 1, 'jade-empire-2', 'Electronic Arts', 'NR', 'TBA'),
(810, 4, 'jaleco-project-untitled', 'Jaleco', 'NR', 'TBA'),
(811, 4, 'jam-live-music-arcade', 'Reverb Publishing', 'NR', 'May 16, 2012'),
(812, 2, 'jamparty-be-the-music', 'Zivix', 'NR', 'TBA'),
(813, 1, 'james-bond-007-blood-stone', 'Activision', '5', 'November 2, 2010'),
(814, 2, 'james-pond-codename-robocod-hd', 'Not Available', 'NR', 'TBA 2014'),
(815, 1, 'jammer', 'Not Available', 'NR', 'May 11, 2009'),
(816, 5, 'jason-bourne-project', 'Electronic Arts', 'NR', 'Not Available'),
(817, 4, 'jellycar', 'Microsoft', 'NR', 'February 20, 2008'),
(818, 1, 'jeremy-mcgraths-offroad-135353', 'Reverb Publishing', '7.5', 'June 20, 2012'),
(819, 1, 'jet-car-stunts-hd', 'Grip Games', 'NR', 'August 27, 2014'),
(820, 1, 'jet-set-radio', 'SEGA', '7.5', 'September 18, 2012'),
(821, 5, 'jetpac-refuelled', 'Microsoft Game Studios', '8', 'March 28, 2007'),
(822, 5, 'jewel-quest', 'Not Available', '6.6', 'March 8, 2006'),
(823, 1, 'jigdoku', 'Independent', 'NR', 'April 24, 2009'),
(824, 2, 'jigsaw-puzzle-express', 'Independent', 'NR', 'February 26, 2009'),
(825, 1, 'jigsaw-world', 'Not Available', 'NR', 'June 9, 2009'),
(826, 3, 'jillian-michaels-fitness-adventure', 'Majesco', 'NR', 'November 10, 2011'),
(827, 2, 'jimmie-johnsons-anything-with-an-engine', 'Autumn Games', 'NR', 'November 1, 2011'),
(828, 5, 'jojos-bizarre-adventure', 'Capcom', '7', 'August 22, 2012'),
(829, 3, 'joe-danger', 'Hello Games', '9.5', 'December 14, 2011'),
(830, 2, 'joe-danger-the-movie', 'Microsoft', '8', 'September 14, 2012'),
(831, 1, 'john-carpenters-psychopath', 'Not Available', 'NR', 'On Hold'),
(832, 3, 'john-dalys-prostroke-golf', 'O-Games', 'NR', 'TBA'),
(833, 4, 'john-woo-presents-stranglehold', 'Midway  Games', '8.1', 'September 5, 2007'),
(834, 2, 'john-woo-presents-stranglehold', 'Midway  Games', '8.1', 'September 5, 2007'),
(835, 2, 'johnny-platforms-biscuit-romp', 'Independent', 'NR', 'January 01, 2009'),
(836, 1, 'johnsons-chronicles-one-against-all', 'Lexis Numerique', 'NR', '2012-09-01 00:00:00'),
(837, 4, 'joint-strike-future', 'Independent', 'NR', 'January 01, 2009'),
(838, 5, 'jonah-lomu-rugby-challenge', 'Home Entertainment Suppliers', '7', 'October 18, 2011'),
(839, 1, 'jonny-crush', 'Independent', 'NR', 'May 10, 2009'),
(840, 1, 'defenderjoust', 'Midway  Games', '7.5', 'November 22, 2005'),
(841, 5, 'joy-ride-turbo', 'Microsoft', 'NR', 'May 23, 2012'),
(842, 1, 'joyjoy', 'Radiangames', 'NR', 'May 16, 2010'),
(843, 2, 'juice-games-project-untitled', 'THQ', 'NR', 'Not Available'),
(844, 3, 'juiced-2-hot-import-nights', 'THQ', '6.8', 'September 17, 2007'),
(845, 2, 'juju', 'Flying Wild Hog', 'NR', 'December 10, 2014'),
(846, 4, 'jumper-griffins-story', 'Brash Entertainment', '4.9', 'February 12, 2008'),
(847, 5, 'jungle-blocks', 'Not Available', 'NR', 'June 2, 2009'),
(848, 3, 'junior-brain-collection', 'Maximum Family Games', 'NR', 'TBA'),
(849, 3, 'jurassic-park-the-game', 'Telltale Games', 'NR', 'November 15, 2011'),
(850, 3, 'jurassic-the-hunted', 'Activision', '6.5', 'November 3, 2009'),
(851, 4, 'just-cause', 'Eidos Interactive', '6.8', 'September 26, 2006'),
(852, 2, 'just-cause-2', 'Square Enix', '8.8', 'March 23, 2010'),
(853, 2, 'just-dance-2014', 'Ubisoft', '7.5', 'October 8, 2013'),
(854, 3, 'just-dance-2015', 'Ubisoft', 'NR', 'October 23, 2014'),
(855, 5, 'just-dance-3', 'Ubisoft', '8.5', 'October 07, 2011'),
(856, 3, 'kaidou-online', 'Spike', 'NR', 'TBA'),
(857, 2, 'kalimba', 'Press Play', 'NR', 'TBA'),
(858, 2, 'kameo-elements-of-power', 'Microsoft', '8.4', 'November 15, 2005'),
(859, 1, 'kameo-elements-of-power-platinum-hits', 'Microsoft', 'NR', 'October 15, 2006'),
(860, 4, 'kane-and-lynch-2-dog-days', 'Square Enix', '7', 'August 17, 2010'),
(861, 4, 'kane-and-lynch-dead-men', 'Eidos Interactive', '7', 'November 13, 2007'),
(862, 2, 'karaoke-revolution', 'Konami', '7.2', 'November 24, 2009'),
(863, 1, 'karaoke-revolution-presents-american-idol-encore-game-microphone', 'Konami', 'NR', 'March 18, 2008'),
(864, 2, 'karaoke-revolution-presents-american-idol-encore-game-microphone', 'Konami', '6.3', 'February 5, 2008'),
(865, 1, 'karaoke-revolution-presents-american-idol-encore-2', 'Konami', '5.5', 'November 18, 2008'),
(866, 5, 'karaoke-revolution-glee-3', 'Konami', 'NR', 'November 22, 2011'),
(867, 4, 'karaoke-revolution-glee-3', 'Konami', 'NR', 'November 22, 2011'),
(868, 1, 'karaoke-powered-by-the-karaoke-channel', 'Microsoft Game Studios', 'NR', 'November 15, 2012'),
(869, 1, 'karateka-2012', 'D3 Publisher', 'NR', 'November 07, 2012'),
(870, 1, 'karnn-age', 'Independent', 'NR', 'May 7, 2009'),
(871, 5, 'kart-attack', 'TBA', 'NR', 'TBA'),
(872, 5, 'kengo-legend-of-the-9', 'Majesco', '3.5', 'September 11, 2007'),
(873, 1, 'ketsui', 'Not Available', 'NR', 'Not Available'),
(874, 2, 'kick-ass-2', 'UIG Entertainment', 'NR', 'August 15, 2014'),
(875, 1, 'kids-station-project-untitled', 'Not Available', 'NR', 'TBA'),
(876, 3, 'killer-is-dead', 'Not Available', '5', 'August 27, 2013'),
(877, 2, 'killing-day', 'Ubisoft', 'NR', 'Not Available'),
(878, 5, 'kinect', 'Microsoft', 'NR', 'November 4, 2010'),
(879, 3, 'kinect-adventures', 'Microsoft', '6.5', 'November 4, 2010'),
(880, 2, 'kinect-disneyland-adventures', 'Microsoft', '8.5', 'November 15, 2011'),
(881, 1, 'kinect-fun-labs', 'Microsoft', 'NR', 'June 6, 2011'),
(882, 3, 'kinect-joy-ride', 'Microsoft', '6', 'November 4, 2010'),
(883, 4, 'kinect-nat-geo-tv', 'Microsoft', 'NR', 'September 18, 2012'),
(884, 2, 'kinect-nat-geo-tv-season-2', 'Microsoft', 'NR', 'January 7, 2013'),
(885, 2, 'happy-action-theater-2', 'Microsoft Game Studios', '8.5', 'December 19, 2012'),
(886, 1, 'kinect-playfit', 'Microsoft', 'NR', '2012-07-01 00:00:00'),
(887, 4, 'kinect-rush-a-disney-pixar-adventure', 'Microsoft', '6', 'March 20, 2012'),
(888, 5, 'kinect-sesame-street-tv', 'Microsoft', 'NR', 'September 18, 2012'),
(889, 1, 'kinect-sesame-street-tv-season-2', 'Microsoft', 'NR', 'January 7, 2013'),
(890, 1, 'kinect-sports', 'Microsoft', '8', 'November 4, 2010'),
(891, 5, 'kinect-sports-ultimate-collection', 'Microsoft', 'NR', 'Not Available'),
(892, 1, 'kinect-sports-season-2', 'Microsoft', '6.5', 'October 25, 2011'),
(893, 2, 'kinect-star-wars', 'Microsoft', '5.5', 'April 3, 2012'),
(894, 3, 'kinectimals', 'Microsoft', 'NR', 'November 4, 2010'),
(895, 2, 'kinectimals', 'Microsoft', '7', 'November 4, 2010'),
(896, 4, 'kinectimals', 'Microsoft', 'NR', 'October 11, 2011'),
(897, 5, 'kings-quest-2015', 'The Odd Gentleman', 'NR', 'TBA 2015'),
(898, 3, 'kingdom-under-fire-ii', 'TBA', 'NR', 'Not for Xbox 360'),
(899, 3, 'kingdom-under-fire-circle-of-doom', 'Microsoft', '5.8', 'January 8, 2008'),
(900, 3, 'kingdoms-of-amalur-project-copernicus', 'TBA', 'NR', 'Cancelled'),
(901, 4, 'kingdoms-of-amalur-reckoning', 'Electronic Arts', 'NR', 'February 7, 2012'),
(902, 2, 'kingdoms-of-amalur-reckoning', 'Electronic Arts', 'NR', 'February 7, 2012'),
(903, 2, 'kingdoms-of-amalur-reckoning', 'Electronic Arts', '9', 'February 7, 2012'),
(904, 3, 'kingdoms-of-amalur-reckoning', 'Electronic Arts', 'NR', 'February 7, 2012'),
(905, 5, 'kingdoms-of-amalur-reckoning-the-legend-of-dead-kel', 'Electronic Arts', '8', 'March 20, 2012'),
(906, 3, 'la-noire', 'Rockstar  Games', '8.5', 'May 17, 2011'),
(907, 2, 'la-noire-a-slip-of-the-tongue', 'Rockstar  Games', 'NR', '2011'),
(908, 2, 'la-noire-nicholson-electroplating', 'Rockstar  Games', 'NR', 'June 21, 2011'),
(909, 1, 'la-noire-reefer-madness', 'Rockstar  Games', '6', 'July 12, 2011'),
(910, 4, 'la-noire-the-naked-city', 'Rockstar  Games', 'NR', '2011'),
(911, 4, 'led-display', 'Independent', 'NR', 'July 22, 2009'),
(912, 2, 'lego-batman-pure-double-pack', 'Warner Bros.  Interactive', 'NR', '2011'),
(913, 1, 'lego-batman-2-dc-super-heroes', 'Warner Bros.  Interactive', '8.5', 'June 19, 2012'),
(914, 2, 'lego-batman-3-beyond-gotham', 'Warner Bros.  Interactive', 'NR', 'November 11, 2014'),
(915, 1, 'lego-batman-pure-double-pack', 'Warner Bros.  Interactive', 'NR', 'September 23, 2008'),
(916, 5, 'lego-batman-pure-double-pack', 'Warner Bros.  Interactive', '7.7', 'September 23, 2008'),
(917, 4, 'lego-dimensions', 'Warner Bros.  Interactive', 'NR', 'September 27, 2015'),
(918, 3, 'lego-harry-potter-years-1-4', 'Warner Bros.  Interactive', 'NR', 'June 29, 2010'),
(919, 1, 'lego-harry-potter-years-1-4', 'Warner Bros.  Interactive', '8.5', 'June 29, 2010'),
(920, 3, 'lego-harry-potter-years-5-7', 'Warner Bros.  Interactive', '8', 'November 11, 2011'),
(921, 5, 'lego-indiana-jones-2-the-adventure-continues', 'LucasArts', '6', 'November 17, 2009'),
(922, 4, 'lego-indiana-jones-the-original-adventures', 'LucasArts', '8', 'June 3, 2008'),
(923, 4, 'leog-jurassic-park', 'Warner Bros. Games', 'NR', '2015-06-01 00:00:00'),
(924, 2, 'lego-avengers', 'Warner Bros. Games', 'NR', 'Q3 2015'),
(925, 1, 'lego-marvel-super-heroes', 'Warner Bros.  Interactive', '9', 'October 22, 2013'),
(926, 3, 'lego-pirates-of-the-caribbean-the-video-game', 'Disney Interactive Studios', '7.5', 'May 10, 2011'),
(927, 3, 'lego-rock-band', 'Warner Bros.  Interactive', '7', 'November 3, 2009'),
(928, 5, 'lego-star-wars-ii-the-original-trilogy', 'LucasArts', '8.4', 'September 12, 2006'),
(929, 3, 'lego-star-wars-iii-the-clone-wars', 'LucasArts', '7.5', 'March 22, 2011'),
(930, 2, 'lego-star-wars-the-complete-saga', 'LucasArts', '8', 'November 6, 2007'),
(931, 1, 'lego-the-lord-of-the-rings', 'Warner Bros.  Interactive', '6.8', 'November 13, 2012'),
(932, 3, 'lego-the-hobbit', 'Warner Bros.  Interactive', 'NR', 'April 11, 2014'),
(933, 4, 'lma-manager-2006', 'Codemasters', 'NR', 'Europe only'),
(934, 2, 'lma-manager-2007', 'Codemasters', 'NR', 'Import only'),
(935, 2, 'lol-lol-kitty-commando', 'Independent', 'NR', 'May 15, 2010'),
(936, 1, 'labyrinth-xross-blood', 'Not Available', 'NR', 'Import only'),
(937, 4, 'ladybird-galaxy', 'Independent', 'NR', 'December 5, 2008'),
(938, 5, 'lair-of-the-evildoer', 'Going Loud Studios', 'NR', 'June 17, 2011'),
(939, 1, 'lamingtons-zero', 'Independent', 'NR', 'May 16, 2010'),
(940, 1, 'landmark', 'Independent', 'NR', 'January 01, 2009'),
(941, 5, 'lara-croft-and-the-guardian-of-light', 'Square Enix', '8.5', 'August 18, 2010'),
(942, 1, 'laser-logic', 'Independent', 'NR', 'March 4, 2011'),
(943, 3, 'law-order-los-angeles', 'Telltale Games', 'NR', 'Not Available'),
(944, 3, 'lazy-raiders', 'Microsoft', '8', 'February 24, 2010'),
(945, 2, 'lead-and-gold-gangs-of-the-wild-west', 'Paradox  Interactive', 'NR', 'Not Available'),
(946, 4, 'leedmees', 'Konami', '7', 'September 7, 2011'),
(947, 5, 'left-4-dead', 'Electronic Arts', '9', 'May 12, 2009'),
(948, 3, 'left-4-dead', 'Electronic Arts', '9', 'November 17, 2008'),
(949, 3, 'left-4-dead-crash-course', 'Electronic Arts', '8', 'September 29, 2009'),
(950, 4, 'left-4-dead-2', 'Valve', '9', 'November 17, 2009'),
(951, 4, 'left-4-dead-2-cold-stream', 'Valve', '7', 'August 3, 2012'),
(952, 2, 'left-4-dead-2-the-passing', 'Valve', '8.5', 'April 22, 2010'),
(953, 2, 'left-4-dead-2-the-sacrifice-left-4-dead-2', 'Valve', '7', 'October 5, 2010'),
(954, 3, 'left-4-dead-2-the-sacrifice-left-4-dead-2', 'Valve', 'NR', 'October 5, 2010'),
(955, 5, 'legend-of-the-guardians-the-owls-of-gahoole', 'Warner Bros Interactive', 'NR', 'September 14, 2010'),
(956, 3, 'mlb-bobblehead-battle', 'Konami', 'NR', 'September 28, 2011'),
(957, 2, 'mlb-bobblehead-pros', 'Konami', '7.5', 'July 6, 2011'),
(958, 2, 'mlb-bobblehead-stars', 'Konami', 'NR', 'July 12, 2011'),
(959, 1, 'mlb-front-office-manager', '2K Sports', '6.6', 'January 26, 2009'),
(960, 4, 'mlb-stickball', '2K Sports', '3', 'October 8, 2008'),
(961, 2, 'mx-vs-atv-alive', 'THQ', '6.5', 'May 10, 2011'),
(962, 2, 'mx-vs-atv-reflex', 'THQ', '7.8', 'December 1, 2009'),
(963, 2, 'mx-vs-atv-supercross', 'Nordic Games Publishing', 'NR', 'October 28, 2014'),
(964, 2, 'mx-vs-atv-untamed', 'THQ', '7.4', 'December 17, 2007'),
(965, 1, 'mxgp-the-official-motocross-videogame', 'Bandai Namco Games', 'NR', 'November 18, 2014'),
(966, 5, 'machiavellis-ascent', 'Independent', 'NR', 'January 01, 2009'),
(967, 4, 'mad-max-past-gen', 'Warner Bros.  Interactive', 'NR', 'TBA 2015'),
(968, 3, 'mad-riders', 'Ubisoft', 'NR', 'May 30, 2012'),
(969, 1, 'mad-tracks', 'D3 Publisher', '6.8', 'May 30, 2007'),
(970, 3, 'madagascar-3-the-video-game', 'D3 Publisher', 'NR', 'June 5, 2012'),
(971, 5, 'dreamworks-2-in-1-party-pack', 'Activision', '6.8', 'October 27, 2009'),
(972, 4, 'madagascar-escape-2-africa', 'Activision', '4.7', 'November 4, 2008'),
(973, 4, 'madballs-in-babo-invasion', 'HeadGames', '7.5', 'July 15, 2009'),
(974, 2, 'madden-nfl-06', 'Electronic Arts', '8', 'November 16, 2005'),
(975, 1, 'madden-nfl-07', 'Electronic Arts', '8.5', 'August 22, 2006'),
(976, 3, 'madden-nfl-07', 'Electronic Arts', '8.5', 'August 22, 2006'),
(977, 3, 'madden-nfl-08', 'Electronic Arts', '8.7', 'August 14, 2007'),
(978, 5, 'madden-nfl-08', 'Electronic Arts', 'NR', 'December 11, 2007'),
(979, 3, 'madden-nfl-09', 'Electronic Arts', '9.1', 'August 12, 2008'),
(980, 2, 'madden-nfl-09', 'Electronic Arts', '8.8', 'August 12, 2008'),
(981, 1, 'madden-nfl-09', 'Electronic Arts', 'NR', 'September 16, 2008'),
(982, 3, 'madden-nfl-09', 'Electronic Arts', 'NR', 'October 7, 2008'),
(983, 4, 'madden-nfl-10', 'Electronic Arts', '8.9', 'August 14, 2009'),
(984, 2, 'madden-nfl-11', 'Electronic Arts', '8', 'August 10, 2010'),
(985, 2, 'madden-nfl-12', 'Electronic Arts', '8', 'August 30, 2011'),
(986, 1, 'madden-nfl-12', 'Electronic Arts', 'NR', 'August 30, 2011'),
(987, 4, 'madden-nfl-13', 'Electronic Arts', '9', 'August 28, 2012'),
(988, 5, 'madden-nfl-2015', 'Electronic Arts', 'NR', 'August 26, 2014'),
(989, 1, 'madden-nfl-14', 'Electronic Arts', '8.5', 'August 27, 2013'),
(990, 2, 'madden-nfl-arcade', 'Electronic Arts', '6.5', 'November 25, 2009'),
(991, 5, 'made-man', 'Mastertronic', 'NR', 'TBA 2007'),
(992, 1, 'mafia-ii', '2K Games', '7', 'August 24, 2010'),
(993, 3, 'mafia-ii', '2K Games', 'NR', 'August 24, 2010'),
(994, 3, 'mafia-ii', '2K Games', 'NR', 'Q2 2011'),
(995, 2, 'mafia-ii-jimmys-vendetta', '2K Games', '7', 'September 7, 2010'),
(996, 2, 'mafia-ii-joes-adventures', '2K Games', 'NR', 'November 23, 2010'),
(997, 5, 'magatama', 'Microsoft', 'NR', 'Import only'),
(998, 3, 'magic-the-gathering-duels-of-the-planeswalkers-2015', 'Wizards of the Coast', 'NR', 'July 16, 2014'),
(999, 3, 'magic-the-gathering-duels-of-the-planeswalkers', 'Wizards of the Coast', '7.8', 'June 17, 2009'),
(1000, 4, 'magic-the-gathering-duels-of-the-planeswalkers-2012', 'Wizards of the Coast', '8.5', 'June 15, 2011'),
(1001, 4, 'magic-the-gathering-duels-of-the-planeswalkers-2013', 'Wizards of the Coast', '8.5', 'June 20, 2012'),
(1002, 2, 'magic-the-gathering-duels-of-the-planeswalkers-2014', 'Wizards of the Coast', '8.1', 'June 26, 2013'),
(1003, 2, 'magicka', 'Paradox  Interactive', 'NR', 'TBA'),
(1004, 2, 'magnacarta-2', 'Bandai Namco Games', '6.8', 'October 13, 2009'),
(1005, 5, 'magrunner-dark-pulse', 'Focus Home Interactive', 'NR', 'October 25, 2013'),
(1006, 3, 'maison-de-maou', 'Not Available', 'NR', 'Import only'),
(1007, 2, 'majesty-2-collection', 'Paradox  Interactive', 'NR', 'Not Available'),
(1008, 2, 'majin-and-the-forsaken-kingdom', 'Bandai Namco Games', '7', 'November 23, 2010'),
(1009, 1, 'major-league-baseball-2k10', 'Take-Two Interactive', '7', 'March 2, 2010'),
(1010, 4, 'major-league-baseball-2k11', 'Take-Two Interactive', '7', 'March 8, 2011'),
(1011, 2, 'major-league-baseball-2k12', 'Take-Two Interactive', '7', 'March 6, 2012'),
(1012, 2, 'major-league-baseball-2k13', 'Take-Two Interactive', '4.5', 'March 5, 2013'),
(1013, 2, 'major-league-baseball-2k6', '2K Sports', '7', 'April 11, 2006'),
(1014, 2, 'major-league-baseball-2k7', '2K Games', '7.9', 'February 27, 2007'),
(1015, 1, 'major-league-baseball-2k8', '2K Games', '7.4', 'March 3, 2008'),
(1016, 5, 'major-league-baseball-2k9', '2K Games', '6.8', 'March 3, 2009'),
(1017, 4, 'maladras', 'Independent', 'NR', 'July 24, 2009'),
(1018, 3, 'man-vs-wild', 'Crave Entertainment', 'NR', 'April 26, 2011'),
(1019, 1, 'mania', 'Independent', 'NR', 'March 4, 2009'),
(1020, 3, 'marathon-durandal', 'Microsoft Game Studios', '7.4', 'August 1, 2007'),
(1021, 5, 'marble-blast-ultra', 'Garage Games', '6.9', 'January 25, 2006'),
(1022, 4, 'marc-ecko-human-head-studios-project-untitled', 'TBA', 'NR', 'TBA'),
(1023, 4, 'mark-of-the-ninja-135615', 'Microsoft Game Studios', '9', 'September 7, 2012'),
(1024, 2, 'marksman-long-range', 'Independent', 'NR', 'March 10, 2011'),
(1025, 1, 'marlow-briggs', '505 Games', 'NR', 'September 25, 2013'),
(1026, 3, 'mars-rover-landing', 'Microsoft', 'NR', 'July 16, 2012'),
(1027, 3, 'mars', 'Focus Home Interactive', 'NR', 'July 26, 2013'),
(1028, 5, 'marvel-pinball', 'Zen Studios', '8', 'December 8, 2010'),
(1029, 3, 'marvel-pinball-avengers-chronicles-134122', 'Zen Studios', 'NR', 'June 20, 2012'),
(1030, 2, 'marvel-pinball-civil-war', 'Zen Studios', 'NR', 'November 21, 2012'),
(1031, 1, 'marvel-pinball-vengeance-and-virtue', 'Zen Studios', 'NR', 'December 13, 2011'),
(1032, 3, 'marvel-puzzle-quest-dark-reign', 'D3 Publisher', 'NR', 'TBA'),
(1033, 4, 'marvel-super-hero-squad-comic-combat', 'THQ', 'NR', 'November 15, 2011'),
(1034, 2, 'marvel-super-hero-squad-the-infinity-gauntlet', 'THQ', 'NR', 'November 16, 2010'),
(1035, 2, 'marvel-universe-online', 'Microsoft', 'NR', 'Cancelled (2008)'),
(1036, 1, 'marvel-universe-marvel-heroes', 'Gazillion', 'NR', 'CANCELLED'),
(1037, 4, 'marvel-vs-capcom-3-fate-of-two-worlds', 'Capcom', '8.5', 'February 15, 2011'),
(1038, 5, 'marvel-vs-capcom-3-fate-of-two-worlds', 'Capcom', 'NR', 'February 15, 2011'),
(1039, 1, 'marvel-vs-capcom-2', 'Capcom', '8.7', 'July 29, 2009'),
(1040, 2, 'marvel-vs-capcom-origins', 'Capcom', '8.2', 'September 26,  2012'),
(1041, 5, 'marvels-the-avengers-battle-for-earth', 'Ubisoft', 'NR', 'October 30, 2012'),
(1042, 1, 'marvel-chaos', 'Electronic Arts', 'NR', 'Cancelled (2008)'),
(1043, 3, 'marvel-ultimate-alliance', 'Activision', '8.2', 'October 25, 2006'),
(1044, 3, 'marvel-ultimate-alliance', 'Activision', 'NR', 'May 22, 2007'),
(1045, 2, 'marvel-ultimate-alliance', 'Microsoft', 'NR', '2009'),
(1046, 2, 'marvel-ultimate-alliance-2', 'Activision', '7.7', 'September 15, 2009'),
(1047, 5, 'mass-effect', 'Microsoft', '9.4', 'November 20, 2007'),
(1048, 3, 'mass-effect', 'Microsoft', '9.4', 'November 20, 2007'),
(1049, 3, 'mass-effect', 'Microsoft', 'NR', 'February 10, 2009'),
(1050, 4, 'mass-effect', 'Microsoft', 'NR', 'October 24, 2007'),
(1051, 4, 'mass-effect-2', 'Electronic Arts', '9.6', 'January 26, 2010'),
(1052, 2, 'mass-effect-2', 'Electronic Arts', '9.6', 'January 26, 2010'),
(1053, 2, 'mass-effect-2-arrival', 'Electronic Arts', '7', 'March 29, 2011'),
(1054, 2, 'mass-effect-2-kasumis-stolen-memory', 'Electronic Arts', '7.5', 'April 6, 2010'),
(1055, 5, 'mass-effect-2-lair-of-the-shadow-broker', 'Electronic Arts', '9.5', 'September 7, 2010'),
(1056, 3, 'n-plus', 'Metanet Software', '8.5', 'February 19, 2008'),
(1057, 2, 'n3-ninety-nine-nights', 'Microsoft', '5.6', 'August 15, 2006'),
(1058, 2, 'n3-ninety-nine-nights-ii', 'Konami', '4', 'June 29, 2010'),
(1059, 1, 'nascar-14', 'Deep Silver', 'NR', 'February 18, 2014'),
(1060, 4, 'nascar-08', 'Electronic Arts', 'NR', 'July 23, 2007'),
(1061, 1, 'nascar-08', 'Electronic Arts', '5', 'July 23, 2007'),
(1062, 3, 'nascar-09', 'Electronic Arts', '6.5', 'June 10, 2008'),
(1063, 2, 'nascar-the-game-2011', 'Activision', '6', 'March 29, 2011'),
(1064, 3, 'nascar-the-game-inside-line', 'Activision', 'NR', 'November 6, 2012'),
(1065, 1, 'nascar-unleashed', 'Activision', 'NR', 'November 1, 2011'),
(1066, 5, 'nba-2k-online', '2K Sports', 'NR', 'Import only'),
(1067, 4, 'nba-2k10', '2K Sports', '8.5', 'October 6, 2009'),
(1068, 3, 'nba-2k10', '2K Sports', '8.5', 'October 6, 2009'),
(1069, 1, 'nba-2k10-draft-combine', '2K Sports', '7.5', 'August 26, 2009'),
(1070, 3, 'nba-2k11', '2K Sports', '9.5', 'October 5, 2010'),
(1071, 5, 'nba-2k12', '2K Sports', '9.5', 'October 4, 2011'),
(1072, 4, 'nba-2k12-legends-showcase', '2K Sports', 'NR', 'December 9, 2011'),
(1073, 4, 'nba-2k13', '2K Sports', '9.1', 'October 2, 2012'),
(1074, 2, 'nba-2k14', '2K Sports', '9.3', 'October 1, 2013'),
(1075, 1, 'nba-2k15', '2K Games', 'NR', 'October 7, 2014'),
(1076, 3, 'nba-2k6', '2K Sports', '7.8', 'November 15, 2005'),
(1077, 3, 'nba-2k7', '2K Sports', '8.3', 'September 26, 2006'),
(1078, 5, 'nba-2k8', '2K Sports', '7.9', 'October 2, 2007'),
(1079, 3, 'nba-2k9', '2K Sports', '8.5', 'October 7, 2008'),
(1080, 2, 'nba-baller-beats', 'Majesco', 'NR', 'September 11, 2012'),
(1081, 1, 'nba-ballers-chosen-one', 'Midway  Games', '6', 'April 21, 2008'),
(1082, 3, 'nba-elite-11', 'Electronic Arts', 'NR', 'Not Available'),
(1083, 4, 'nba-jam', 'Electronic Arts', '7.5', 'November 16, 2010'),
(1084, 2, 'nba-jam-on-fire-edition', 'Electronic Arts', '9', 'October 4, 2011'),
(1085, 2, 'nba-live-06', 'Electronic Arts', '5.9', 'November 16, 2005'),
(1086, 1, 'nba-live-07', 'Electronic Arts', '6', 'September 26, 2006'),
(1087, 4, 'nba-live-08', 'Electronic Arts', '6.9', 'October 2, 2007'),
(1088, 5, 'nba-live-09', 'Electronic Arts', '6.5', 'October 7, 2008'),
(1089, 1, 'nba-live-10', 'Electronic Arts', '8.2', 'October 6, 2009'),
(1090, 2, 'nba-live-13', 'Electronic Arts', 'NR', 'October 31, 2012'),
(1091, 5, 'nba-street-homecourt', 'Electronic Arts', '8.8', 'February 20, 2007'),
(1092, 1, 'nba-unrivaled', 'Tecmo', '2.5', 'November 11, 2009'),
(1093, 3, 'ncaa-basketball-09', 'Electronic Arts', '7.1', 'November 17, 2008'),
(1094, 3, 'ncaa-basketball-09-march-madness-edition', 'Electronic Arts', '6.5', 'March 11, 2009'),
(1095, 2, 'ncaa-basketball-10', 'Electronic Arts', '7.8', 'November 17, 2009'),
(1096, 2, 'ncaa-football-07', 'Electronic Arts', '7.5', 'July 18, 2006'),
(1097, 5, 'ncaa-football-08', 'Electronic Arts', '8.3', 'July 17, 2007'),
(1098, 1, 'ncaa-football-09', 'Electronic Arts', '8.4', 'July 15, 2008'),
(1099, 1, 'ncaa-football-10', 'Electronic Arts', '8.3', 'July 14, 2009'),
(1100, 4, 'ncaa-football-56571', 'Electronic Arts', '8.5', 'July 13, 2010'),
(1101, 1, 'ncaa-football-12', 'Electronic Arts', '8.5', 'July 12, 2011'),
(1102, 2, 'ncaa-football-13', 'Electronic Arts', '8', 'July 9, 2012'),
(1103, 2, 'ncaa-football-14', 'Electronic Arts', '7.4', 'July 9, 2013'),
(1104, 2, 'ncaa-march-madness-07', 'Electronic Arts', '7.9', 'January 17, 2007'),
(1105, 5, 'ncaa-march-madness-08', 'Electronic Arts', '7.4', 'December 11, 2007'),
(1106, 3, 'pbr-out-of-the-chute', 'Crave Entertainment', 'NR', 'Not Available'),
(1107, 2, 'pdc-world-championship-darts', 'Not Available', 'NR', 'Import only'),
(1108, 2, 'pdc-world-championship-darts-pro-tour', 'O-Games', 'NR', 'Not Available'),
(1109, 1, 'pac-man', 'Bandai Namco Games', '6.5', 'August 9, 2006'),
(1110, 2, 'pac-man-championship-edition-dx', 'Bandai Namco Games', '10', 'November 17, 2010'),
(1111, 1, 'pac-man-museum', 'Bandai Namco Games', 'NR', 'February 26, 2014'),
(1112, 3, 'pac-man-and-the-ghostly-adventures', 'Bandai Namco Games', 'NR', 'October 29, 2013'),
(1113, 2, 'pac-man-and-the-ghostly-adventures-2', 'Bandai Namco Games', 'NR', 'October 14, 2014'),
(1114, 3, 'pac-man-championship-edition', 'Bandai Namco Games', '8.4', 'June 6, 2007'),
(1115, 5, 'painkiller-hell-damnation', 'Nordic Games Publishing', 'NR', 'June 30, 2013'),
(1116, 2, 'painkiller-resurrection', 'DreamCatcher Interactive', 'NR', 'Cancelled'),
(1117, 3, 'paint-party', 'Microsoft', 'NR', 'TBA'),
(1118, 1, 'paipa', 'Independent', 'NR', 'May 16, 2010'),
(1119, 3, 'panic-attack', 'DeRail Games', 'NR', 'November 11, 2010'),
(1120, 5, 'panzer-general-allied-assault', 'Ubisoft', '7.9', 'October 21, 2009'),
(1121, 4, 'crap-of-defense', 'iFun4all', 'NR', 'TBA'),
(1122, 4, 'paperboy', 'Midway  Games', '6.7', 'February 14, 2007'),
(1123, 2, 'parabellum', 'TBA', 'NR', 'TBA'),
(1124, 1, 'partyboat', 'The Industry Corporation', 'NR', 'December 17, 2009'),
(1125, 3, 'patterns-of-light', 'Independent', 'NR', 'Not Available'),
(1126, 3, 'payday-2', '505 Games', '8', '2013-08-01 00:00:00'),
(1127, 5, 'peggle', 'PopCap Games', '9', 'March 11, 2009'),
(1128, 3, 'peggle-2', 'Electronic Arts', '9', 'May 8, 2014'),
(1129, 2, 'peggle-nights', 'PopCap Games', '8.4', 'November 18, 2009'),
(1130, 1, 'pegzo', 'Independent', 'NR', 'March 4, 2009'),
(1131, 3, 'pellmell', 'SorceryGames', 'NR', 'May 10, 2009'),
(1132, 4, 'penalty-of-heroes', 'Not Available', 'NR', 'Not Available'),
(1133, 2, 'pendoku', 'Independent', 'NR', 'May 29, 2009'),
(1134, 2, 'pengas-peril', 'Independent', 'NR', '2009-02-01 00:00:00'),
(1135, 4, 'penguin-slip-slide', 'SGN', 'NR', 'June 20, 2009'),
(1136, 4, 'penny-arcade-adventures-on-the-rain-slick-precipice-of-darkness', 'TBA', '7.8', 'May 21, 2008'),
(1137, 5, 'penny-arcade-adventures-on-the-rain-slick-precipice-of-darkness-episode-two', 'Hothead Games', '8.1', 'October 29, 2008'),
(1138, 1, 'penny-arcade-adventures-on-the-rain-slick-precipice-of-darkness-episode-three-61090', 'Not Available', '8', 'June 29, 2012'),
(1139, 2, 'penny-arcade-adventures-on-the-rain-slick-precipice-of-darkness-episode-four', 'Not Available', '6', 'June 7, 2013'),
(1140, 5, 'percussone', 'Metamoorephosis Games', 'NR', 'February 15, 2009'),
(1141, 1, 'perfect-dark', 'Microsoft', '9', 'March 17, 2010'),
(1142, 3, 'perfect-dark-sequel-rumored', 'Microsoft', 'NR', 'TBA'),
(1143, 4, 'perfect-dark-zero', 'Microsoft', 'NR', 'November 18, 2005'),
(1144, 2, 'perfect-dark-zero', 'Microsoft', '8.4', 'November 18, 2005'),
(1145, 2, 'perfect-dark-zero', 'Microsoft', 'NR', 'October 15, 2006'),
(1146, 2, 'persona-4-arena', 'Atlus', '9', 'August 7, 2012'),
(1147, 1, 'persona-4-the-ultimax-ultra-suplex-hold', 'Atlus', '9.1', 'September 30, 2014'),
(1148, 1, 'petank-party', 'Independent', 'NR', 'December 6, 2008'),
(1149, 4, 'peter-jacksons-halo-chronicles', 'Microsoft', 'NR', 'Not Available'),
(1150, 1, 'kong-the-8th-wonder-of-the-world', 'Ubisoft', '8', 'November 22, 2005'),
(1151, 2, 'phantasy-star-ii', 'SEGA', '7', 'June 10, 2009'),
(1152, 2, 'phantasy-star-universe', 'SEGA', '6.4', 'October 24, 2006'),
(1153, 2, 'phantasy-star-universe-ambition-of-the-illuminus', 'SEGA', 'NR', 'November 20, 2007'),
(1154, 5, 'phantom-breaker', '7sixty', 'NR', 'TBA'),
(1155, 1, 'qix-32093', 'Taito', '4.6', 'December 9, 2009'),
(1156, 4, 'quadtrix', 'Independent', 'NR', 'May 8, 2009'),
(1157, 5, 'quake-4', 'Activision', '8.1', 'November 18, 2005'),
(1158, 2, 'quake-4', 'Activision', 'NR', 'Not Available'),
(1159, 3, 'quake-4', 'Activision', 'NR', 'November 18, 2005'),
(1160, 4, 'quake-arena-arcade', 'Microsoft', '7', 'December 15, 2010'),
(1161, 5, 'quantum-conundrum', 'Square Enix', '8', 'July 11, 2012'),
(1162, 2, 'quantum-theory', 'Tecmo KOEI', '2.5', 'September 28, 2010'),
(1163, 2, 'quantum-of-solace', 'Activision', '7', 'November 4, 2008'),
(1164, 3, 'quantum-of-solace', 'Activision', '6.8', 'November 4, 2008'),
(1165, 1, 'quarantine-2010', 'Cyber Edge Studios', 'NR', 'May 15, 2010'),
(1166, 4, 'quarrel', 'UTV True Games', '7', 'January 25, 2012'),
(1167, 5, 'quarry', 'Independent', 'NR', 'May 18, 2010'),
(1168, 3, 'quarx', 'Independent', 'NR', 'January 01, 2009'),
(1169, 3, 'every-extend-extra-extreme', 'Atari', 'NR', 'September 15, 2009'),
(1170, 3, 'r-paints', 'Independent', 'NR', 'December 5, 2008'),
(1171, 2, 'r-type-dimensions', 'Tozai', '8.4', 'February 4, 2009'),
(1172, 2, 'rbi-baseball-2014', 'Take-Two Interactive', 'NR', 'Canceled'),
(1173, 1, 'ripd-the-game', 'Atlus', 'NR', 'July 17, 2013'),
(1174, 2, 'ruse', 'Ubisoft', '8', 'September 7, 2010'),
(1175, 1, 'rbi-baseball-14', 'TBA', 'NR', 'April 9, 2014'),
(1176, 3, 'rbr-fading-memories', 'Independent', 'NR', 'March 17, 2009'),
(1177, 2, 'rc-airsim', 'Independent', 'NR', 'January 20, 2009'),
(1178, 3, 'rabbids-invasion', 'Ubisoft', 'NR', 'November 18, 2014'),
(1179, 1, 'rabid-gophers', 'Independent', 'NR', 'April 11, 2009'),
(1180, 5, 'race-pro', 'Atari', '7.7', 'February 17, 2009'),
(1181, 5, 'radial-gun', 'Not Available', 'NR', 'June 5, 2009'),
(1182, 3, 'radiant-silvergun', 'Treasure', '9', 'September 14, 2011'),
(1183, 1, 'rage', 'Bethesda  Softworks', 'NR', 'October 4, 2011'),
(1184, 2, 'rage', 'Bethesda  Softworks', '8.5', 'October 4, 2011'),
(1185, 5, 'raiden-fighters-aces', 'Valcon Games', '7.3', 'May 12, 2009'),
(1186, 4, 'raiden-iv', 'UFO Interactive', '6', 'September 8, 2009'),
(1187, 4, 'rainbow-islands-towering-adventure', 'Taito', '7.2', 'October 28, 2009'),
(1188, 2, 'rambo-the-game', 'Reef Entertainment', '3', 'TBA'),
(1189, 1, 'ranger', 'Independent', 'NR', 'May 15, 2010'),
(1190, 3, 'rango-the-video-game', 'Paramount Digital Entertainment', 'NR', 'March 1, 2011'),
(1191, 3, 'rapala-fishing-frenzy-game-rod-and-reel', 'Activision Value', '2.5', 'September 2, 2008'),
(1192, 5, 'rapala-pro-bass-fishing', 'Activision', 'NR', 'September 28, 2010'),
(1193, 3, 'rapala-pro-bass-fishing', 'Activision', 'NR', 'September 30, 2010'),
(1194, 2, 'rapala-tournament-fishing', 'Activision', '4.5', 'April 3, 2007'),
(1195, 1, 'rapala-for-kinect', 'Activision', 'NR', 'November 15, 2011'),
(1196, 3, 'rare-project-untitled', 'Microsoft Game Studios', 'NR', 'TBA'),
(1197, 4, 'raskulls', 'Halfbrick Studios', 'NR', 'December 29, 2010'),
(1198, 2, 'disneypixar-pc-collection-3-games-in-1-882535', 'THQ', '5.5', 'June 26, 2007'),
(1199, 2, 'raven-squad', 'Evolved Games', '2', 'August 25, 2009'),
(1200, 4, 'ravens-cry', 'TopWare Interactive', 'NR', 'January 28, 2015'),
(1201, 4, 'ravensdale', 'Black Forest Games', 'NR', 'TBA'),
(1202, 5, 'raventhorne', 'Milkstone Studios', 'NR', 'August 21,2011'),
(1203, 1, 'raving-rabbids-alive-kicking', 'Ubisoft', '3', 'November 8, 2011'),
(1204, 2, 'rayman-3', 'Ubisoft', '7', 'March 21, 2012'),
(1205, 5, 'rayman-legends', 'Ubisoft', '9.5', 'September 3, 2013'),
(1206, 1, 'rayman-origins', 'Ubisoft', '9.5', 'November 15, 2011'),
(1207, 3, 'rayman-raving-rabbids', 'Ubisoft', '5.8', 'April 24, 2007'),
(1208, 4, 'g-darius-raystorm-pack', 'Taito', '6.5', 'May 5, 2010'),
(1209, 2, 'razes-hell', 'Majesco', 'NR', 'December 15, 2008'),
(1210, 2, 'retension', 'Independent', 'NR', 'January 01, 2009'),
(1211, 2, 'reaction-rally', 'Not Available', 'NR', 'TBA'),
(1212, 1, 'realms-of-ancient-war', 'Focus Home Interactive', '5.5', 'September 19, 2012'),
(1213, 4, 'recoil-retrograd', 'TBA', 'NR', 'TBA'),
(1214, 1, 'record-of-agarest-war', 'Aksys Games', '7.5', 'April 27, 2010'),
(1215, 2, 'record-of-agarest-war-zero', 'Aksys Games', '6.5', 'June 17, 2011'),
(1216, 2, 'record-of-agarest-war-zero', 'Aksys Games', 'NR', 'June 17, 2011'),
(1217, 2, 'red-baron-arcade', 'Sierra', 'NR', 'Not Available'),
(1218, 5, 'red-bull-x-fighters', 'Konami', 'NR', 'September 14, 2011'),
(1219, 3, 'sbk-2011', 'Not Available', '7', 'Not Available'),
(1220, 2, 'sbk-x-superbike-world-championship', 'Deep Silver', 'NR', 'October 19, 2010'),
(1221, 2, 'hannspree-ten-kate-honda-sbk-superbike-world-championship', 'Not Available', 'NR', 'Not Available'),
(1222, 1, 'sbk-08-superbike-world-championship-08', 'Conspiracy Entertainment', '6', 'March 3, 2009'),
(1223, 2, 'sbk-superbike-world-championship', 'Not Available', 'NR', 'Not Available'),
(1224, 1, 'score-international-baja-1000', 'Activision', '3.3', 'November 4, 2008'),
(1225, 3, 'sega-bass-fishing', 'SEGA', 'NR', 'October 5, 2011'),
(1226, 2, 'virtua-striker', 'SEGA', 'NR', 'TBA'),
(1227, 3, 'virtual-on-cyber-troopers', 'SEGA', 'NR', 'TBA'),
(1228, 1, 'sega-rally-online-arcade', 'SEGA', 'NR', 'May 18, 2011'),
(1229, 5, 'sega-rally-revo', 'SEGA', '8', 'October 9, 2007'),
(1230, 2, 'sega-soccer-slam', 'SEGA', 'NR', 'December 15, 2008'),
(1231, 3, 'sega-superstars-tennis', 'SEGA', '6.4', 'March 18, 2008'),
(1232, 2, 'monster-world-iv', 'SEGA', 'NR', 'May 23, 2012'),
(1233, 2, 'sfg-soccer-football-fever', 'Stir Fry Games', 'NR', 'October 30, 2009'),
(1234, 5, 'ssx', 'Electronic Arts', '9', 'February 28, 2012'),
(1235, 4, 'sabreman-stampede', 'Microsoft', 'NR', 'Not Available'),
(1236, 4, 'sacred-2-fallen-angel', 'cdv Software Entertainment', '6.5', 'May 12, 2009'),
(1237, 2, 'sacred-3', 'Deep Silver', 'NR', 'August 5, 2014'),
(1238, 1, 'sacred-citadel', 'Deep Silver', '5.9', 'Q2 2013'),
(1239, 3, 'sacrilegium', 'TopWare Interactive', 'NR', 'TBA 2014'),
(1240, 3, 'saga-of-cathay', 'Idea Factory', 'NR', 'Not Available'),
(1241, 2, 'saints-row', 'THQ', '8.5', 'August 29, 2006'),
(1242, 3, 'saints-row', 'THQ', 'NR', 'September 7, 2010'),
(1243, 2, 'saints-row-2', 'THQ', '8.2', 'October 14, 2008'),
(1244, 1, 'saints-row-2', 'THQ', '8.2', 'October 14, 2008'),
(1245, 3, 'saints-row-4', 'Deep Silver', '7.3', 'August 20, 2013'),
(1246, 4, 'saints-row-the-third-enter-the-dominatrix', 'Deep Silver', 'NR', 'Not Available'),
(1247, 2, 'saints-row-iv-national-treasure-edition', 'Deep Silver', 'NR', '2014-07-01 00:00:00'),
(1248, 2, 'saints-row-gat-out-of-hell', 'Deep Silver', 'NR', 'January 20, 2015'),
(1249, 4, 'saints-row-drive-by', 'THQ', 'NR', 'TBA'),
(1250, 4, 'saints-row-the-third', 'THQ', 'NR', 'November 15, 2011'),
(1251, 1, 'saints-row-the-third', 'THQ', '8.5', 'November 15, 2011'),
(1252, 1, 'salvation', 'Not Available', 'NR', 'TBA'),
(1253, 2, 'sam-max-save-the-world', 'Telltale Games', '6.9', 'June 17, 2009'),
(1254, 3, 'sam-max-beyond-time-and-space-14330827', 'Telltale Games', '7', 'October 14, 2009'),
(1255, 1, 'samurai-shodown', 'SNK Playmore', 'NR', 'TBA'),
(1256, 3, 'samurai-shodown-ii', 'SNK Playmore', '8', 'September 10, 2008'),
(1257, 4, 'samurai-shodown-sen', 'SNK Playmore', '4', 'March 30, 2010'),
(1258, 2, 'samurai-shodown-edge-of-destiny', 'Ignition Entertainment', 'NR', 'TBA'),
(1259, 2, 'samurai-warriors-2', 'KOEI', '5.5', 'September 20, 2006'),
(1260, 2, 'samurai-warriors-2-empires', 'KOEI', '5.5', 'February 27, 2007'),
(1261, 1, 'samurai-warriors-2-xtreme-legends', 'KOEI', 'NR', 'Not Available'),
(1262, 1, 'sanctum-2', 'D3 Publisher', '8.5', 'May 15, 2013'),
(1263, 4, 'sarbakan-xbla-project-untitled', 'Sarbakan', 'NR', 'TBA'),
(1264, 1, 'saw-ii-flesh-blood', 'Konami', '4.5', 'October 26, 2010'),
(1265, 2, 'saw-the-videogame', 'Konami', '7.5', 'October 6, 2009'),
(1266, 2, 'scallywags', 'Not Available', 'NR', 'June 5, 2009'),
(1267, 2, 'scarygirl', 'Square Enix', '7.5', 'January 18, 2012'),
(1268, 5, 'scene-it-bright-lights-big-screen', 'Warner Bros.  Interactive', '4.9', 'November 17, 2009'),
(1269, 3, 'scene-it-lights-camera-action', 'Microsoft', '7', 'November 6, 2007'),
(1270, 2, 'scene-it-movie-night', 'Paramount Digital Entertainment', '7', 'November 30, 2011'),
(1271, 2, 'scene-it-box-office-smash', 'Microsoft', 'NR', 'October 28, 2008'),
(1272, 1, 'scene-it-box-office-smash', 'Microsoft', '7', 'October 28, 2008'),
(1273, 2, 'schizoid', 'Microsoft', '7.8', 'July 9, 2008'),
(1274, 1, 'schwarzenberg', 'TBA', 'NR', 'TBA'),
(1275, 3, 'score-rush', 'Xona Games', 'NR', 'December 9, 2010'),
(1276, 2, 'scott-pilgrim-vs-the-world-the-game', 'Ubisoft', '8', 'August 25, 2010'),
(1277, 3, 'scourge-outbreak', 'UFO Interactive', 'NR', 'July 3, 2013'),
(1278, 1, 'scramble', 'Konami', '4.5', 'September 13, 2006'),
(1279, 5, 'scrambled-egzz', 'Independent', 'NR', 'February 11, 2009'),
(1280, 2, 'scrap-metal', 'Slick Entertainment', '7.5', 'March 10, 2010'),
(1281, 3, 'scratch-the-ultimate-dj', 'Genius Products', 'NR', 'Not Available'),
(1282, 1, 'scream-ride', 'Microsoft Game Studios', 'NR', 'March 3, 2015'),
(1283, 2, 'screwjumper', 'THQ', '4', 'November 14, 2007'),
(1284, 5, 'scribble-defense', 'Independent', 'NR', 'May 25, 2010'),
(1285, 1, 'sea-blast', 'Independent', 'NR', 'December 15, 2008'),
(1286, 4, 'sea-life-safari', 'WildTangent', '4.5', 'June 18, 2008'),
(1287, 2, 'secret-service', 'Activision Value', '4.5', 'November 4, 2008'),
(1288, 1, 'section-8', 'SouthPeak Games', '7.5', 'September 1, 2009'),
(1289, 3, 'section-8-prejudice', 'TimeGate', '6', 'April 20, 2011'),
(1290, 3, 'sega-classics-collection-revenge-of-shinobi-alex-kidd-super-hang-on', 'SEGA', 'NR', 'May 23, 2012'),
(1291, 2, 'golden-axe-909598', 'SEGA', 'NR', 'May 30, 2012'),
(1292, 3, 'streets-of-rage-2', 'SEGA', 'NR', 'May 30, 2012'),
(1293, 2, 'self-defense-training-camp', 'Ubisoft', '1', 'November 8, 2011'),
(1294, 1, 'sensible-world-of-soccer', 'Microsoft', '7.9', 'December 19, 2007'),
(1295, 1, 'sentient', 'Not Available', 'NR', 'TBA'),
(1296, 4, 'serious-sam-3-bfe', 'Devolver Digital', 'NR', 'October 17, 2012'),
(1297, 2, 'serious-sam-double-d', 'Croteam', 'NR', 'February 20, 2013'),
(1298, 2, 'serious-sam-hd', 'Majesco', '7', 'January 13, 2010'),
(1299, 4, 'serious-sam', 'Majesco', '6.5', 'September 22, 2010'),
(1300, 4, 'sesame-street-once-upon-a-monster', 'Warner Bros.  Interactive', '8.5', 'October 11, 2011'),
(1301, 1, 'severity', 'Cyberathlete Professional League (CPL)', 'NR', 'Cancelled'),
(1302, 1, 'shadow-complex', 'Microsoft Game Studios', '9.4', 'August 19, 2009'),
(1303, 2, 'shadow-harvest-phantom-ops', 'Not Available', 'NR', 'Not for Xbox 360'),
(1304, 3, 'shadowclan', 'Vaporware', 'NR', 'Not Available'),
(1305, 1, 'shadowrun', 'Microsoft', '6.8', 'May 29, 2007'),
(1306, 3, 'shadows-of-the-damned', 'Electronic Arts', '7', 'June 21, 2011'),
(1307, 1, 'shank', 'Electronic Arts', '7', 'August 25, 2010'),
(1308, 2, 'shank-2', 'Electronic Arts', '8.5', 'February 8, 2012'),
(1309, 2, 'shantae-half-genie-hero', 'Not Available', 'NR', 'TBA'),
(1310, 2, 'shaun-white-skateboarding', 'Ubisoft', '5.5', 'October 24, 2010'),
(1311, 1, 'shaun-white-snowboarding', 'Ubisoft', '7.2', 'November 16, 2008'),
(1312, 1, 'shaun-white-snowboarding', 'Ubisoft', '7.1', 'November 16, 2008'),
(1313, 4, 'shed', 'Independent', 'NR', 'December 5, 2008'),
(1314, 1, 'shellshock-2-blood-trails', 'Eidos Interactive', '4.6', 'February 24, 2009'),
(1315, 2, 'sherlock-holmes-versus-jack-the-ripper', 'Focus Home Interactive', '8', 'April 20, 2010'),
(1316, 2, 'sherlock-holmes-crimes-and-punishments', 'Not Available', 'NR', 'September 2, 2014'),
(1317, 2, 'shiatsu-massage', 'Independent', 'NR', 'June 30, 2009'),
(1318, 5, 'shield-defense', 'PitchMobile', 'NR', 'June 25, 2009'),
(1319, 3, 'tmnt', 'Ubisoft', '6', 'March 20, 2007'),
(1320, 2, 'tmnt-training-layer', 'Microsoft', 'NR', 'July 22, 2014'),
(1321, 2, 'tna-impact', 'Midway  Games', '6.7', 'September 9, 2008'),
(1322, 1, 'tna-impact-2', 'Midway  Games', 'NR', 'Not Available'),
(1323, 2, 'tnt-racers', 'DTP (Digital Entertainment Pool)', 'NR', 'February 9. 2011'),
(1324, 1, 'tv-calibration', 'Independent', 'NR', 'February 21, 2009'),
(1325, 3, 'twp-spine-of-the-world', 'Independent', 'NR', 'Not Available'),
(1326, 5, 'tabeball', 'Independent', 'NR', 'July 23, 2009'),
(1327, 3, 'tail-gun-charlie', 'Not Available', 'NR', 'November 19, 2008'),
(1328, 1, 'takedown', '505 Games', 'NR', 'September 20, 2013'),
(1329, 5, 'tales-from-space-mutant-blobs-attack', 'DrinkBox', '8', 'June 18, 2014'),
(1330, 2, 'tales-from-the-borderlands', 'Telltale Games', 'NR', 'December 3, 2014 '),
(1331, 3, 'tales-from-the-borderlands-episode-1', 'Telltale Games', 'NR', 'December 3, 2014'),
(1332, 1, 'tales-from-the-borderlands-episode-2', 'Telltale Games', 'NR', 'March 18, 2015'),
(1333, 2, 'tales-from-the-borderlands-episode-3', 'Telltale Games', 'NR', 'TBA 2015'),
(1334, 5, 'tales-from-the-borderlands-episode-4', 'Telltale Games', 'NR', 'TBA 2015'),
(1335, 1, 'tales-from-the-borderlands-episode-5', 'Telltale Games', 'NR', 'TBA 2015'),
(1336, 4, 'tales-of-vesperia', 'Bandai Namco Games', 'NR', 'August 26, 2008'),
(1337, 2, 'tales-of-vesperia', 'Bandai Namco Games', '8.2', 'August 26, 2008'),
(1338, 1, 'talisman', 'Capcom', 'NR', 'Cancelled (2008)'),
(1339, 3, 'tank-strike', 'Independent', 'NR', 'April 29, 2009'),
(1340, 3, 'tanksvs', 'Independent', 'NR', 'March 5, 2009'),
(1341, 2, 'tarzan-2009', 'TBA', 'NR', 'TBA'),
(1342, 3, 'team-chess', 'Topsp1n', 'NR', 'May 17, 2010'),
(1343, 2, 'techno-kitten-adventure', 'Not Available', 'NR', 'September 6, 2011'),
(1344, 1, 'tecmo-bowl-throwback', 'Tecmo', '6.5', 'April 28, 2010'),
(1345, 5, 'teenage-mutant-ninja-turtles-training-lair', 'Krome Studios', 'NR', 'July 22, 2014'),
(1346, 4, 'teenage-mutant-ninja-turtles-danger-of-the-ooze', 'Activision', '5', 'October 28, 2014'),
(1347, 2, 'teenage-mutant-ninja-turtles-out-of-the-shadows', 'Activision', '6.1', 'October 22, 2013'),
(1348, 2, 'teenage-mutant-ninja-turtles-the-arcade-game', 'Ubisoft', '6.7', 'March 14,  2007'),
(1349, 5, 'teenage-mutant-ninja-turtles-iv-turtles-in-time', 'Ubisoft', '5.9', 'August 5, 2009'),
(1350, 4, 'tekken-6', 'Bandai Namco Games', '8.8', 'October 27, 2009'),
(1351, 1, 'tekken-tag-tournament-2', 'Bandai Namco Games', '7.5', 'September 11, 2012'),
(1352, 1, 'tekken-x-street-fighter', 'Namco', 'NR', 'TBA'),
(1353, 2, 'telltale-games-marvel-universe', 'Marvel Interactive', 'NR', 'TBA 2017'),
(1354, 3, 'poker-night-at-the-inventory-2', 'Telltale Games', '7.5', 'April 24, 2013'),
(1355, 1, 'tempest', 'Atari', '6', 'December 19, 2007'),
(1356, 3, 'tenchu-z', 'Microsoft', '5.2', 'June 12, 2007'),
(1357, 1, 'tenchu-shadow-assault', 'FromSoftware', '4.7', 'October 8, 2008'),
(1358, 2, 'terminator-salvation', 'Evolved Games', '6.3', 'May 19, 2009'),
(1359, 2, 'terra-formations', 'Not Available', 'NR', 'Cancelled'),
(1360, 2, 'terraria', '505 Games', '9', 'March 27, 2013'),
(1361, 1, 'terwilliger', 'Independent', 'NR', 'Not Available'),
(1362, 1, 'test-drive-unlimited', 'Atari', '8', 'September 5, 2006'),
(1363, 5, 'test-drive-unlimited-2', 'Atari', '5.5', 'February 8, 2011'),
(1364, 1, 'test-drive-unlimited-2-casino-online', 'Atari', 'NR', 'TBA'),
(1365, 2, 'test-drive-ferrari-racing-legends', 'Atari', '6.5', 'July 3, 2012'),
(1366, 2, 'tetris-evolution', 'THQ', '6.3', 'March 19, 2007'),
(1367, 2, 'tetris-splash', 'Not Available', '6', 'October 3, 2007'),
(1368, 5, 'tetris-the-grand-master-3-terror-instinct', 'AQ Interactive', 'NR', 'Japan only'),
(1369, 3, 'texas-cheat-em', 'D3 Publisher', '6.9', 'May 13, 2009'),
(1370, 2, 'texas-hold-em-842313', 'Microsoft', 'NR', 'August 23, 2006'),
(1371, 2, 'the-adventures-of-shuggy-136357', 'Not Available', 'NR', 'June 15, 2011'),
(1372, 1, 'the-adventures-of-tintin', 'Ubisoft', '6.5', 'December 6, 2011'),
(1373, 2, 'the-amazing-rumbling-hypno-disc', 'Independent', 'NR', 'July 21, 2009'),
(1374, 1, 'the-amazing-spider-man', 'Activision', '7', 'June 26, 2012'),
(1375, 3, 'the-amazing-spider-man-2-the-movie', 'Activision', '5.4', 'April 29, 2014'),
(1376, 2, 'the-avengers-the-movie', 'THQ', 'NR', 'Not Available'),
(1377, 3, 'the-baconing', 'Hothead Games', '6', 'August 31, 2011'),
(1378, 1, 'the-ballet-of-light-and-shadow', 'Independent', 'NR', 'February 25, 2009'),
(1379, 5, 'the-beatles-rock-band', 'MTV Games', 'NR', 'September 9, 2009'),
(1380, 2, 'the-beatles-rock-band', 'MTV Games', '8', 'September 9, 2009'),
(1381, 3, 'the-beatles-rock-band', 'MTV Games', '9', 'September 9, 2009'),
(1382, 1, 'the-biggest-loser-ultimate-workout', 'THQ', 'NR', 'November 4, 2010'),
(1383, 2, 'the-bigs', '2K Sports', '8.3', 'June 25, 2007'),
(1384, 3, 'the-bigs-2', '2K Sports', '8', 'July 7, 2009'),
(1385, 1, 'the-black-eyed-peas-experience', 'Ubisoft', '6', 'November 8, 2011'),
(1386, 4, 'the-bridge', 'The Quantum Astrophysicists Guild', 'NR', 'November 13, 2013'),
(1387, 2, 'the-bureau-xcom-declassified', '2K Games', '5.5', 'August 20, 2013'),
(1388, 1, 'castle-of-shikigami-iii', 'Taito', 'NR', 'Import only'),
(1389, 3, 'the-cave', 'SEGA', '7.9', 'January 23, 2013');
INSERT INTO `gamelist` (`id`, `consoleId`, `gameName`, `publisher`, `ratings`, `releaseDate`) VALUES
(1390, 3, 'the-chronicles-of-narnia-prince-caspian', 'Disney Interactive Studios', '6.3', 'May 15, 2008'),
(1391, 2, 'the-chronicles-of-riddick-assault-on-dark-athena', 'Atari', '7.4', 'April 7, 2009'),
(1392, 3, 'the-city-of-metronome', 'Not Available', 'NR', 'TBA'),
(1393, 2, 'the-club', 'SEGA', '6.9', 'February 19, 2008'),
(1394, 1, 'the-collector', 'Independent', 'NR', 'January 01, 2009'),
(1395, 5, 'ubisoft-the-crew', 'Ubisoft', 'NR', 'December 2, 2014'),
(1396, 4, 'the-crossing', 'TBA', 'NR', 'TBA'),
(1397, 2, 'the-cursed-crusade', 'Atlus', '4', 'October 25, 2011'),
(1398, 2, 'the-darkness', '2K Games', '7.8', 'June 25, 2007'),
(1399, 5, 'the-darkness-ii', '2K Games', 'NR', 'February 7, 2012'),
(1400, 4, 'the-darkness-ii', '2K Games', '8', 'February 7, 2012'),
(1401, 1, 'the-dead-rising-collection', 'Capcom', 'NR', 'TBA'),
(1402, 3, 'the-dishwasher-dead-samurai', 'Microsoft', '7.3', 'April 1, 2009'),
(1403, 2, 'the-dishwasher-vampire-smile', 'Microsoft', '7.5', 'April 6, 2011'),
(1404, 3, 'the-doctor-who-cloned-me', '2K Games', 'NR', 'June 14, 2011'),
(1405, 1, 'the-earth-defense-force-2017', 'D3 Publisher', '6.9', 'March 20, 2007'),
(1406, 3, 'the-earth-defense-force-insect-armageddon', 'D3 Publisher', '7.5', 'July 5, 2011'),
(1407, 1, 'the-elder-scrolls-iv-knights-of-the-nine', 'Bethesda  Softworks', 'NR', 'November 22, 2006'),
(1408, 2, 'the-elder-scrolls-iv-oblivion', 'Bethesda  Softworks', 'NR', 'September 10, 2007'),
(1409, 2, 'the-elder-scrolls-iv-oblivion', 'Bethesda  Softworks', '9.3', 'March 20, 2006'),
(1410, 2, 'the-elder-scrolls-iv-oblivion', 'Bethesda  Softworks', 'NR', 'September 10, 2007'),
(1411, 1, 'the-elder-scrolls-iv-oblivion', 'Bethesda  Softworks', 'NR', 'March 20, 2006'),
(1412, 1, 'the-elder-scrolls-iv-oblivion', 'Bethesda  Softworks', 'NR', 'May 5, 2010'),
(1413, 5, 'the-elder-scrolls-iv-the-shivering-isles', 'Bethesda  Softworks', '8.3', 'October 16, 2007'),
(1414, 1, 'the-elder-scrolls-v-skyrim', 'Bethesda  Softworks', '9.5', 'November 11, 2011'),
(1415, 2, 'the-elder-scrolls-v-skyrim', 'Bethesda  Softworks', 'NR', 'November 11, 2011'),
(1416, 2, 'the-elder-scrolls-v-skyrim-dawnguard', 'Bethesda  Softworks', '8', 'June 26, 2012'),
(1417, 2, 'the-elder-scrolls-v-skyrim-dragonborn', 'Bethesda  Softworks', '8.8', 'December 4, 2012'),
(1418, 5, 'the-embrace-of-time-chapter-1-resurrectio-ocolus', 'Not Available', 'NR', 'TBA'),
(1419, 3, 'u-wars', 'D3 Publisher', 'NR', 'TBA'),
(1420, 2, 'uav-wars', 'Microsoft', 'NR', 'November 19, 2008'),
(1421, 2, 'uefa-champions-league-2006-2007', 'Not Available', '7', 'March 20, 2007'),
(1422, 1, 'uefa-euro-2008', 'Ubisoft', '8.1', 'May 19, 2008'),
(1423, 2, 'uefa-euro-2012', 'Independent', '6.5', 'April 24, 2012'),
(1424, 1, 'ufc-personal-trainer-the-ultimate-fitness-system', 'Activision', '6.5', 'June 28, 2011'),
(1425, 3, 'ufc-undisputed-2009', 'Activision', '7.6', 'May 19, 2009'),
(1426, 2, 'ufc-undisputed-2010', 'THQ', '7.8', 'May 25, 2010'),
(1427, 3, 'ufc-undisputed-3', 'Hothead Games', '9', 'February 14, 2012'),
(1428, 1, 'ugly-americans-apocalypsegeddon', 'Independent', 'NR', 'August 31, 2011'),
(1429, 5, 'ugo-volt', 'MTV Games', 'NR', 'TBA'),
(1430, 2, 'ultimate-marvel-vs-capcom-3', 'MTV Games', '8.5', 'November 15, 2011'),
(1431, 2, 'ultimate-mortal-kombat-3', 'MTV Games', '7', 'October 22, 2006'),
(1432, 1, 'ultimate-sacrifice', 'THQ', 'NR', 'August 5, 2009'),
(1433, 2, 'ultra-dual-x-racer', '2K Sports', 'NR', 'May 15, 2009'),
(1434, 3, 'ultra-street-fighter-4', '2K Sports', '9', 'June 4, 2014'),
(1435, 1, 'ultratron', 'Ubisoft', 'NR', 'January 01, 2009'),
(1436, 4, 'unrevolutionary', 'The Quantum Astrophysicists Guild', 'NR', 'June 8, 2009'),
(1437, 2, 'unbound-saga', '2K Games', 'NR', 'December 1, 2010'),
(1438, 1, 'under-defeat', 'Taito', 'NR', 'Not Available'),
(1439, 3, 'undertow', 'SEGA', '8.7', 'November 21, 2008'),
(1440, 1, 'undertow', 'Disney Interactive Studios', 'NR', 'March 5, 2008'),
(1441, 2, 'unearthed-trail-of-ibn-battuta', 'Atari', 'NR', 'TBA'),
(1442, 3, 'universe-at-war-earth-assault', 'Not Available', '6.3', 'March 25, 2008'),
(1443, 2, 'uno-810718', 'SEGA', '7.7', 'May 9, 2006'),
(1444, 1, 'uno-rush', 'Independent', '7', 'March 25, 2009'),
(1445, 5, 'unreal-tournament-iii', 'Ubisoft', '8.5', 'July 7, 2008'),
(1446, 4, 'unstoppable-gorg', 'TBA', 'NR', 'TBA'),
(1447, 2, 'untitled-prologue', 'Atlus', 'NR', 'February 10, 2009'),
(1448, 2, 'up', '2K Games', '7', 'May 26, 2009'),
(1449, 1, 'uprising', '2K Games', 'NR', 'May 19, 2010'),
(1450, 4, 'urban-art-gallery', '2K Games', 'NR', 'July 5, 2009'),
(1451, 1, 'urban-mysteries', 'Capcom', 'NR', 'TBA'),
(1452, 3, 'urban-race', 'Microsoft', 'NR', 'TBA'),
(1453, 2, 'the-dishwasher-vampire-smile', 'Microsoft', '7.5', 'April 6, 2011'),
(1454, 3, 'the-doctor-who-cloned-me', '2K Games', 'NR', 'June 14, 2011'),
(1455, 1, 'the-earth-defense-force-2017', 'D3 Publisher', '6.9', 'March 20, 2007'),
(1456, 2, 'the-earth-defense-force-insect-armageddon', 'D3 Publisher', '7.5', 'July 5, 2011'),
(1457, 1, 'the-elder-scrolls-iv-knights-of-the-nine', 'Bethesda  Softworks', 'NR', 'November 22, 2006'),
(1458, 2, 'the-elder-scrolls-iv-oblivion', 'Bethesda  Softworks', 'NR', 'September 10, 2007'),
(1459, 2, 'the-elder-scrolls-iv-oblivion', 'Bethesda  Softworks', '9.3', 'March 20, 2006'),
(1460, 2, 'the-elder-scrolls-iv-oblivion', 'Bethesda  Softworks', 'NR', 'September 10, 2007'),
(1461, 1, 'the-elder-scrolls-iv-oblivion', 'Bethesda  Softworks', 'NR', 'March 20, 2006'),
(1462, 3, 'the-elder-scrolls-iv-oblivion', 'Bethesda  Softworks', 'NR', 'May 5, 2010'),
(1463, 5, 'the-elder-scrolls-iv-the-shivering-isles', 'Bethesda  Softworks', '8.3', 'October 16, 2007'),
(1464, 1, 'the-elder-scrolls-v-skyrim', 'Bethesda  Softworks', '9.5', 'November 11, 2011'),
(1465, 2, 'the-elder-scrolls-v-skyrim', 'Bethesda  Softworks', 'NR', 'November 11, 2011'),
(1466, 2, 'the-elder-scrolls-v-skyrim-dawnguard', 'Bethesda  Softworks', '8', 'June 26, 2012'),
(1467, 2, 'the-elder-scrolls-v-skyrim-dragonborn', 'Bethesda  Softworks', '8.8', 'December 4, 2012'),
(1468, 1, 'the-embrace-of-time-chapter-1-resurrectio-ocolus', 'Not Available', 'NR', 'TBA'),
(1469, 3, 'valhyre', 'Independent', 'NR', 'January 20, 2009'),
(1470, 2, 'valiant-hearts-the-great-war', 'Ubisoft', 'NR', 'June 24, 2014'),
(1471, 2, 'vampire-rain', 'Microsoft', '2.9', 'July 3, 2007'),
(1472, 1, 'vancouver-2010-the-official-videogame-of-the-winter-olympic-games', 'SEGA', '7.3', 'January 12, 2010'),
(1473, 2, 'vandal-hearts-flames-of-judgment', 'Konami', '7.3', 'January 20, 2010'),
(1474, 1, 'vanquish', 'SEGA', '8.5', 'October 19, 2010'),
(1475, 3, 'vega-magnitude', 'Independent', 'NR', 'July 22, 2009'),
(1476, 2, 'veks-and-silence', 'Edible Entertainment', 'NR', 'August 8, 2009'),
(1477, 3, 'velvet-assassin', 'SouthPeak Games', '5', 'April 28, 2009'),
(1478, 1, 'venetica', 'DTP (Digital Entertainment Pool)', '6', 'January 11, 2011'),
(1479, 5, 'vessel', 'Bandai Namco Games', 'NR', 'November 16, 2012'),
(1480, 2, 'victorious-time-to-shine', 'D3 Publisher', 'NR', 'November 15, 2011'),
(1481, 2, 'vigilante-8-arcade', 'Activision', '7.3', 'November 5, 2008'),
(1482, 1, 'vijay-singh-golf', 'Ubisoft', 'NR', 'Not Available'),
(1483, 2, 'viking-battle-for-asgard', 'SEGA', '6.5', 'March 25, 2008'),
(1484, 2, 'virtua-fighter-2', 'SEGA', 'NR', 'TBA'),
(1485, 1, 'virtua-fighter-5', 'SEGA', '8.5', 'June 6, 2012'),
(1486, 4, 'virtua-fighter-5', 'SEGA', '9', 'October 30, 2007'),
(1487, 2, 'virtua-tennis-2009', 'SEGA', '6', 'June 9, 2009'),
(1488, 1, 'virtua-tennis-3', 'SEGA', '8', 'March 20, 2007'),
(1489, 3, 'virtua-tennis-4', 'SEGA', '7', 'May 10, 2011'),
(1490, 1, 'virtual-on-force', 'SEGA', 'NR', 'TBA'),
(1491, 2, 'virtual-on-oratorio-tangram', 'SEGA', '7.5', 'April 29, 2009'),
(1492, 3, 'virus-war', 'Braintonik', 'NR', 'April 10, 2009'),
(1493, 2, 'viva-pinata', 'Microsoft', 'NR', 'November 9, 2006'),
(1494, 1, 'viva-pinata', 'Microsoft', '8.5', 'November 9, 2006'),
(1495, 5, 'viva-pinata-party-animals', 'Microsoft', '5.6', 'October 30, 2007'),
(1496, 4, 'viva-pinata-trouble-in-paradise', 'Microsoft', 'NR', 'September 2, 2008'),
(1497, 2, 'viva-pinata-trouble-in-paradise', 'Microsoft', '8.5', 'September 2, 2008'),
(1498, 2, 'racers', 'Lexicon Entertainment', 'NR', 'Not Available'),
(1499, 1, 'voltron-defender-of-the-universe', 'THQ', '4', 'November 30, 2011'),
(1500, 4, 'voodoo-dice', 'Ubisoft', '5', 'May 26, 2010'),
(1501, 1, 'voodoo-nights', 'Not Available', 'NR', 'TBA'),
(1502, 3, 'urban-race', 'Microsoft', 'NR', 'TBA'),
(1503, 2, 'the-dishwasher-vampire-smile', 'Microsoft', '7.5', 'April 6, 2011'),
(1504, 2, 'the-doctor-who-cloned-me', '2K Games', 'NR', 'June 14, 2011'),
(1505, 1, 'the-earth-defense-force-2017', 'D3 Publisher', '6.9', 'March 20, 2007'),
(1506, 2, 'the-earth-defense-force-insect-armageddon', 'D3 Publisher', '7.5', 'July 5, 2011'),
(1507, 1, 'the-elder-scrolls-iv-knights-of-the-nine', 'Bethesda  Softworks', 'NR', 'November 22, 2006'),
(1508, 2, 'the-elder-scrolls-iv-oblivion', 'Bethesda  Softworks', 'NR', 'September 10, 2007'),
(1509, 2, 'the-elder-scrolls-iv-oblivion', 'Bethesda  Softworks', '9.3', 'March 20, 2006'),
(1510, 2, 'the-elder-scrolls-iv-oblivion', 'Bethesda  Softworks', 'NR', 'September 10, 2007'),
(1511, 1, 'the-elder-scrolls-iv-oblivion', 'Bethesda  Softworks', 'NR', 'March 20, 2006'),
(1512, 2, 'the-elder-scrolls-iv-oblivion', 'Bethesda  Softworks', 'NR', 'May 5, 2010'),
(1513, 5, 'the-elder-scrolls-iv-the-shivering-isles', 'Bethesda  Softworks', '8.3', 'October 16, 2007'),
(1514, 1, 'the-elder-scrolls-v-skyrim', 'Bethesda  Softworks', '9.5', 'November 11, 2011'),
(1515, 2, 'the-elder-scrolls-v-skyrim', 'Bethesda  Softworks', 'NR', 'November 11, 2011'),
(1516, 2, 'the-elder-scrolls-v-skyrim-dawnguard', 'Bethesda  Softworks', '8', 'June 26, 2012'),
(1517, 2, 'the-elder-scrolls-v-skyrim-dragonborn', 'Bethesda  Softworks', '8.8', 'December 4, 2012'),
(1518, 1, 'the-embrace-of-time-chapter-1-resurrectio-ocolus', 'Not Available', 'NR', 'TBA'),
(1519, 3, 'wall-e', 'THQ', '4.5', 'June 24, 2008'),
(1520, 2, 'wctyy-project-codename', 'Not Available', 'NR', 'TBA'),
(1521, 2, 'wrc-2-fia-world-rally-championship', 'Not Available', '5.5', '2012-07-01 00:00:00'),
(1522, 1, 'wrc-3-fia-world-rally-championship', 'Not Available', '5', 'TBA'),
(1523, 2, 'wrc-4-fia-world-rally-championship', 'Big Ben Interactive', 'NR', 'TBA'),
(1524, 1, 'wrc-fia-world-rally-championship', 'Not Available', 'NR', 'Import only'),
(1525, 3, 'wrc-powerslide', 'Milestone', 'NR', 'Not Available'),
(1526, 2, 'wsc-real-08-world-snooker-championship', 'Not Available', 'NR', 'Not Available'),
(1527, 3, 'wsc-real-11-world-snooker-championship', 'Not Available', 'NR', 'Not Available'),
(1528, 1, 'wwe-12', 'THQ', 'NR', 'November 22, 2011'),
(1529, 5, 'wwe-12', 'THQ', '9', 'November 22, 2011'),
(1530, 5, 'wwe-13', 'THQ', '8.4', 'October 30, 2012'),
(1531, 2, 'wwe-14', 'Take-Two Interactive', '8.7', 'October 29, 2013'),
(1532, 1, 'wwe-2k15', 'Take-Two Interactive', '5.9', 'November 18, 2014'),
(1533, 2, 'wwe-all-stars', 'THQ', '7', 'March 29, 2011'),
(1534, 2, 'wwe-brawl', 'THQ', 'NR', 'TBA'),
(1535, 2, 'wwe-legends-of-wrestlemania', 'THQ', '6.5', 'March 24, 2009'),
(1536, 4, 'wwe-smackdown-vs-raw-2007', 'THQ', '8', 'November 14, 2006'),
(1537, 5, 'wwe-smackdown-vs-raw-2008', 'THQ', '7.8', 'November 13, 2007'),
(1538, 1, 'wwe-smackdown-vs-raw-2009', 'THQ', '7.9', 'November 9, 2008'),
(1539, 3, 'wwe-smackdown-vs-raw-2010', 'THQ', '8.5', 'October 20, 2009'),
(1540, 1, 'wwe-smackdown-vs-raw-2011', 'THQ', '8', 'October 26, 2010'),
(1541, 2, 'wwe-wrestlefest', 'THQ', 'NR', 'Cancelled'),
(1542, 3, 'wallace-gromits-grand-adventures-14330798', 'Telltale Games', 'NR', 'November 4, 2009'),
(1543, 2, 'wallace-gromits-grand-adventures-episode-1-fright-of-the-bumblebees', 'Telltale Games', '8', 'May 27, 2009'),
(1544, 1, 'wallace-gromits-grand-adventures-14330798', 'Telltale Games', '6.9', 'November 4, 2009'),
(1545, 2, 'wallace-gromits-grand-adventures-episode-3-muzzled', 'Telltale Games', '7', 'November 4, 2009'),
(1546, 4, 'wallace-gromits-grand-adventures', 'Telltale Games', '7', 'November 4, 2009'),
(1547, 2, 'wanted-weapons-of-fate', 'Universal Studios', '7.3', 'March 24, 2009'),
(1548, 2, 'war-world', 'Ubisoft', '5', 'October 1, 2008'),
(1549, 1, 'senko-no-ronde', 'Ubisoft', '5.1', 'May 29, 2007'),
(1550, 4, 'wartech-senko-no-ronde-duo', 'Not Available', 'NR', 'Not Available'),
(1551, 1, 'warface-137352', 'Crytek Studios', 'NR', 'March 26, 2014'),
(1552, 3, 'warhammer-40000-kill-team', 'THQ', '6.5', 'July 13, 2011'),
(1553, 2, 'warhammer-40000-space-marine', 'THQ', '7.5', 'September 6, 2011'),
(1554, 2, 'warhammer-online-age-of-reckoning', 'Electronic Arts', 'NR', 'TBA'),
(1555, 1, 'warhammer-battle-march', 'Bandai Namco Games', '5.8', 'September 2, 2008'),
(1556, 2, 'warhound', 'TBA', 'NR', 'On Hold'),
(1557, 1, 'warlords', 'Atari', 'NR', 'November 14, 2012'),
(1558, 2, 'warlords-2008', 'Atari', '5', 'May 28, 2008'),
(1559, 2, 'warp-92267', 'Electronic Arts', '8.5', 'February 15, 2012'),
(1560, 2, 'warriors-orochi', 'KOEI', '6.3', 'September 18, 2007'),
(1561, 1, 'warriors-orochi-2', 'KOEI', '4', 'September 23, 2008'),
(1562, 2, 'warriors-orochi-3', 'KOEI', '8.5', 'TBA'),
(1563, 5, 'warriors-orochi-3', 'Not Available', 'NR', 'Not Available'),
(1564, 1, 'warriors-legends-of-troy', 'Tecmo KOEI', 'NR', 'March 8, 2011'),
(1565, 2, 'watchdogs', 'Ubisoft', '8.4', 'May 27, 2014'),
(1566, 2, 'watch-dogs-bad-blood', 'Ubisoft', 'NR', 'September 30, 2014'),
(1567, 2, 'watchmen-the-end-is-nigh-part-1', 'Warner Bros.  Interactive', '5.5', 'March 4, 2009'),
(1568, 1, 'watchmen-the-end-is-nigh-part-2', 'Warner Bros.  Interactive', '5', 'August 26, 2009');

-- --------------------------------------------------------

--
-- Table structure for table `gamelistgenres`
--

CREATE TABLE IF NOT EXISTS `gamelistgenres` (
`id` int(10) NOT NULL,
  `gameName` varchar(250) NOT NULL,
  `gameGenre` varchar(250) NOT NULL
) ENGINE=InnoDB  DEFAULT CHARSET=latin1 AUTO_INCREMENT=266 ;

--
-- Dumping data for table `gamelistgenres`
--

INSERT INTO `gamelistgenres` (`id`, `gameName`, `gameGenre`) VALUES
(1, 'Adventure Time: The Secret of the Nameless Kingdom', 'Action'),
(2, 'Alien: Isolation', 'Action'),
(3, 'Aliens: Colonial Marines', 'Action'),
(4, 'Anarchy Reigns', 'Action'),
(5, 'Armored Core: Verdict Day', 'Action'),
(6, 'Batman: Arkham Origins', 'Action'),
(7, 'Battlefield 4', 'Action'),
(8, 'Battlefield 4: China Rising', 'Action'),
(9, 'Battlefield Hardline', 'Action'),
(10, 'Ben 10 Omniverse 2', 'Action'),
(11, 'Resident Evil: Revelations 2 - Episode 1: Penal Colony', 'Action'),
(12, 'Resident Evil Revelations', 'Action'),
(13, 'BioShock Infinite', 'Action'),
(14, 'Blood Knights', 'Action'),
(15, 'Borderlands: The Pre-Sequel', 'Action'),
(16, 'Brothers in Arms: Furious 4', 'Action'),
(17, 'Call of Duty: Advanced Warfare', 'Action'),
(18, 'Call of Duty: Ghosts', 'Action'),
(19, 'Call of Juarez: Gunslinger', 'Action'),
(20, 'Castlevania: Lords of Shadow 2', 'Action'),
(21, 'Castlevania: Lords of Shadow Collection', 'Action'),
(22, 'Crysis 3', 'Action'),
(23, 'DARK', 'Action'),
(24, 'Dark Souls II', 'Action'),
(25, 'Dark Souls II: Scholar of the First Sin', 'Action'),
(26, 'Dead Island Riptide', 'Action'),
(27, 'Dead or Alive 5 Ultimate', 'Action'),
(28, 'Dead or Alive 5: Last Round', 'Action'),
(29, 'Dead Space 3', 'Action'),
(30, 'Deadfall Adventures', 'Action'),
(31, 'Deadpool', 'Action'),
(32, 'Defiance', 'Action'),
(33, 'Destiny', 'Action'),
(34, 'Digimon All-Star Rumble', 'Action'),
(35, 'Dishonored: The Brigmore Witches', 'Action'),
(36, 'Disney Infinity', 'Action'),
(37, 'Disney Infinity: 2.0 Edition - Marvel Super Heroes', 'Action'),
(38, 'Alan Wake', 'Adventure'),
(39, 'Alan Wake: The Signal', 'Adventure'),
(40, 'Astro Boy', 'Adventure'),
(41, 'Bionic Commando', 'Adventure'),
(42, 'CSI: Deadly Intent ', 'Adventure'),
(43, 'CSI: Fatal Conspiracy', 'Adventure'),
(44, 'DarkStar One: Broken Alliance', 'Adventure'),
(45, 'Deadly Premonition', 'Adventure'),
(46, 'Gray Matter', 'Adventure'),
(47, 'Hydrophobia', 'Adventure'),
(48, 'LEGO Harry Potter: Years 1-4', 'Adventure'),
(49, 'LEGO Harry Potter: Years 5-7', 'Adventure'),
(50, 'Leisure Suit Larry: Box Office Bust', 'Adventure'),
(51, 'Madagascar 3: The Video Game', 'Adventure'),
(52, 'Murdered: Soul Suspect', 'Adventure'),
(53, 'Pid', 'Adventure'),
(54, 'Prison Break: The Conspiracy', 'Adventure'),
(55, 'Rise of Nightmares', 'Adventure'),
(56, 'Risen', 'Adventure'),
(57, 'Sherlock Holmes: Crimes & Punishments', 'Adventure'),
(58, 'Silent Hill HD Collection', 'Adventure'),
(59, 'Skylanders Giants', 'Adventure'),
(60, 'Skylanders SWAP Force', 'Adventure'),
(61, 'Skylanders Trap Team', 'Adventure'),
(62, 'Akai Katana', 'Arcade'),
(63, 'Angry Birds', 'Arcade'),
(64, 'Angry Birds Trilogy', 'Arcade'),
(65, 'BattleBlock Theater', 'Arcade'),
(66, 'Deathsmiles', 'Arcade'),
(67, 'Mortal Kombat Arcade Kollection', 'Arcade'),
(68, 'NBA JAM: On Fire Edition', 'Arcade'),
(69, 'Peggle', 'Arcade'),
(70, 'Raiden IV', 'Arcade'),
(71, 'Splatterhouse', 'Arcade'),
(72, 'Street Fighter X Tekken', 'Arcade'),
(73, 'Warhammer 40,000: Kill Team', 'Arcade'),
(74, 'Wipeout in the Zone', 'Arcade'),
(75, 'Worms 2: Armageddon', 'Arcade'),
(76, 'Battleship', 'Classic & Puzzle'),
(77, 'Contrast', 'Classic & Puzzle'),
(78, 'de Blob 2', 'Classic & Puzzle'),
(79, 'Puzzle Quest 2', 'Classic & Puzzle'),
(80, 'BEN 10 Galactic Racing', 'Racing'),
(81, 'Burnout CRASH!', 'Racing'),
(82, 'Cars 2: The Video Game', 'Racing'),
(83, 'Daytona USA', 'Racing'),
(84, 'DiRT 3', 'Racing'),
(85, 'DiRT Showdown', 'Racing'),
(86, 'Driver: San Francisco', 'Racing'),
(87, 'F1 2011', 'Racing'),
(88, 'F1 2013', 'Racing'),
(89, 'F1 2014', 'Racing'),
(90, 'Fast & Furious: Showdown', 'Racing'),
(91, 'Forza Horizon', 'Racing'),
(92, 'Forza Horizon 2', 'Racing'),
(93, 'Forza Motorsport 4', 'Racing'),
(94, 'GRID 2', 'Racing'),
(95, 'GRID Autosport', 'Racing'),
(96, 'MotoGP 14', 'Racing'),
(97, 'Mud: FIM Motocross World Championship', 'Racing'),
(98, 'MXGP: The Official Motocross Videogame', 'Racing'),
(99, 'NASCAR 2011: The Game', 'Racing'),
(100, 'Need for Speed Rivals', 'Racing'),
(101, 'Need for Speed: Most Wanted 2012', 'Racing'),
(102, 'Need For Speed: Shift 2', 'Racing'),
(103, 'Need for Speed: The Run', 'Racing'),
(104, 'Shift 2: Unleashed', 'Racing'),
(105, 'Sonic & All-Stars Racing Transformed', 'Racing'),
(106, 'Test Drive Unlimited 2', 'Racing'),
(107, 'The Crew', 'Racing'),
(108, 'Trials Fusion', 'Racing'),
(109, 'Alvin and the Chipmunks: Chipwrecked', 'Rhythm'),
(110, 'Band Hero', 'Rhythm'),
(111, 'Dance Central', 'Rhythm'),
(112, 'Dance Central 3', 'Rhythm'),
(113, 'DanceMasters', 'Rhythm'),
(114, 'DJ Hero', 'Rhythm'),
(115, 'DJ Hero 2', 'Rhythm'),
(116, 'Fantasia: Music Evolved', 'Rhythm'),
(117, 'Guitar Hero 5', 'Rhythm'),
(118, 'Guitar Hero Smash Hits', 'Rhythm'),
(119, 'Guitar Hero: Metallica', 'Rhythm'),
(120, 'Guitar Hero: Van Halen', 'Rhythm'),
(121, 'Guitar Hero: Warriors of Rock', 'Rhythm'),
(122, 'Just Dance 2014', 'Rhythm'),
(123, 'Just Dance 2015', 'Rhythm'),
(124, 'Just Dance 3', 'Rhythm'),
(125, 'Just Dance: Disney Party', 'Rhythm'),
(126, 'Lego Rock Band', 'Rhythm'),
(127, 'Rock Band 3', 'Rhythm'),
(128, 'Rock Band: Country Track Pack 2', 'Rhythm'),
(129, 'Alpha Protocol', 'RPG'),
(130, 'ArcaniA: Gothic 4', 'RPG'),
(131, 'Bastion', 'RPG'),
(132, 'Bound By Flame', 'RPG'),
(133, 'Child of Light', 'RPG'),
(134, 'Costume Quest', 'RPG'),
(135, 'Cthulhu Saves the World', 'RPG'),
(136, 'Deathspank', 'RPG'),
(137, 'Diablo III', 'RPG'),
(138, 'Divinity II: Ego Draconis', 'RPG'),
(139, 'Divinity II: The Dragon Knight Saga', 'RPG'),
(140, 'Dragon Age II', 'RPG'),
(141, 'Dragon Age: Inquisition', 'RPG'),
(142, 'Dragon Age: Origins - Awakening', 'RPG'),
(143, 'Dungeon Defenders', 'RPG'),
(144, 'Dungeon Siege III', 'RPG'),
(145, 'Resonance of Fate', 'RPG'),
(146, 'Fable Anniversary', 'RPG'),
(147, 'Fable III', 'RPG'),
(148, 'Fable: The Journey', 'RPG'),
(149, 'Fallout: New Vegas', 'RPG'),
(150, 'Fallout: New Vegas Ultimate Edition', 'RPG'),
(151, 'Final Fantasy XIII', 'RPG'),
(152, 'Final Fantasy XIII-2', 'RPG'),
(153, 'Game of Thrones', 'RPG'),
(154, 'Harry Potter and the Deathly Hallows: Part 1', 'RPG'),
(155, 'Harry Potter and the Deathly Hallows: Part 2', 'RPG'),
(156, 'Kingdoms of Amalur: Reckoning', 'RPG'),
(157, 'Lightning Returns: Final Fantasy XIII', 'RPG'),
(158, 'Mass Effect 2', 'RPG'),
(159, 'Mass Effect 3', 'RPG'),
(160, 'Of Orcs and Men', 'RPG'),
(161, 'Risen 2: Dark Waters', 'RPG'),
(162, 'Risen 3: Titan Lords', 'RPG'),
(163, 'Sacred 3', 'RPG'),
(164, 'South Park: The Stick of Truth', 'RPG'),
(165, 'The Dark Eye: Demonicon', 'RPG'),
(166, 'FIFA Soccer 12', 'Sports'),
(167, 'FIFA Soccer 13', 'Sports'),
(168, 'FIFA 14', 'Sports'),
(169, 'FIFA 15', 'Sports'),
(170, 'FIFA Street', 'Sports'),
(171, 'Fight Night Champion', 'Sports'),
(172, 'Rugby Challenge', 'Sports'),
(173, 'Madden NFL 12', 'Sports'),
(174, 'Madden NFL 13', 'Sports'),
(175, 'Madden NFL 15', 'Sports'),
(176, 'Madden NFL 25', 'Sports'),
(177, 'MX vs. ATV Alive', 'Sports'),
(178, 'NBA 2K12', 'Sports'),
(179, 'NBA 2K13', 'Sports'),
(180, 'NBA 2K14', 'Sports'),
(181, 'NBA 2K15', 'Sports'),
(182, 'NCAA Football 12', 'Sports'),
(183, 'NCAA Football 13', 'Sports'),
(184, 'Record of Agarest War', 'Strategy'),
(185, 'Record of Agarest War Zero', 'Strategy'),
(186, 'Battlestations: Pacific', 'Strategy'),
(187, 'Chaotic: Shadow Warriors', 'Strategy'),
(188, 'Command & Conquer: Red Alert 3', 'Strategy'),
(189, 'Halo Wars', 'Strategy'),
(190, 'Magic 2014: Duels of the Planeswalkers', 'Strategy'),
(191, 'Magic: The Gathering - Duels of the Planeswalkers', 'Strategy'),
(192, 'Metal Gear Rising: Revengeance', 'Strategy'),
(193, 'Metal Gear Solid V: Ground Zeroes', 'Strategy'),
(194, 'Metal Gear Solid V: The Phantom Pain', 'Strategy'),
(195, 'Metal Gear Solid: Peace Walker', 'Strategy'),
(196, 'Plants Vs. Zombies', 'Strategy'),
(197, 'R.U.S.E.', 'Strategy'),
(198, 'Skulls of the Shogun', 'Strategy'),
(199, 'Spectral Force 3', 'Strategy'),
(200, 'The History Channel: Great Battles Medieval', 'Strategy'),
(201, 'Tropico 3', 'Strategy'),
(202, 'Vandal Hearts: Flames of Judgment', 'Strategy'),
(203, 'A.R.E.S. Extinction Agenda EX', 'Xbox Live Arcade'),
(204, 'Abyss Odyssey', 'Xbox Live Arcade'),
(205, 'AirMech Arena', 'Xbox Live Arcade'),
(206, 'Batman: Arkham Origins Blackgate - Deluxe Edition', 'Xbox Live Arcade'),
(207, 'Blood of the Werewolf', 'Xbox Live Arcade'),
(208, 'Brothers: A Tale of Two Sons', 'Xbox Live Arcade'),
(209, 'Capsized', 'Xbox Live Arcade'),
(210, 'CastleStorm', 'Xbox Live Arcade'),
(211, 'Castlevania: Lords of Shadow - Mirror of Fate HD', 'Xbox Live Arcade'),
(212, 'Dark Souls II: Crown of the Sunken King', 'Xbox Live Arcade'),
(213, 'Destiny: The Dark Below', 'Xbox Live Arcade'),
(214, 'Doritos Crash Course 2', 'Xbox Live Arcade'),
(215, 'DuckTales Remastered', 'Xbox Live Arcade'),
(216, 'Dungeons & Dragons: Chronicles of Mystara', 'Xbox Live Arcade'),
(217, 'Far Cry 3: Blood Dragon', 'Xbox Live Arcade'),
(218, 'Game of Thrones: A Telltale Games Series Episode 1 - Iron from Ice', 'Xbox Live Arcade'),
(219, 'Game of Thrones: Episode Two - The Lost Lords', 'Xbox Live Arcade'),
(220, 'Goat Simulator', 'Xbox Live Arcade'),
(221, 'Guacamelee! Super Turbo Championship Edition', 'Xbox Live Arcade'),
(222, 'Halo: Spartan Assault', 'Xbox Live Arcade'),
(223, '1942 Joint Strike', 'Simulation'),
(224, 'A Kingdom for Keflings', 'Simulation'),
(225, 'Air Conflicts: Pacific Carriers', 'Simulation'),
(226, 'Air Conflicts: Secret Wars', 'Simulation'),
(227, 'Air Conflicts: Vietnam', 'Simulation'),
(228, 'Apache: Air Assault', 'Simulation'),
(229, 'A-Train HX', 'Simulation'),
(230, 'Birds of Steel', 'Simulation'),
(231, 'Blazing Angels 2: Secret Missions of WWII', 'Simulation'),
(232, 'Crystal Defenders', 'Simulation'),
(233, 'Damage Inc: Pacific Squadron WWII', 'Simulation'),
(234, 'Deadliest Catch', 'Simulation'),
(235, 'Deadliest Catch: Alaskan Storm', 'Simulation'),
(236, 'Deadliest Catch: Sea of Chaos', 'Simulation'),
(237, 'Deepak Chopras Leela', 'Simulation'),
(238, 'Diner Dash', 'Simulation'),
(239, 'Dream C Club Zero', 'Simulation'),
(240, 'Fantastic Pets', 'Simulation'),
(241, 'Farming Simulator 15', 'Simulation'),
(242, 'Farming Simulator 2013', 'Simulation'),
(243, 'Get Fit With Mel B', 'Simulation'),
(244, 'Hell"s Kitchen', 'Simulation'),
(245, 'Karaoke Revolution Presents: American Idol Encore 2', 'Simulation'),
(246, 'Kinectimals', 'Simulation'),
(247, 'MechWarrior', 'Simulation'),
(248, 'Omerta: City of Gangster', 'Simulation'),
(249, 'Sarah Emergency Room', 'Simulation'),
(250, 'ScreamRide', 'Simulation'),
(251, 'Sea Life Safari', 'Simulation'),
(252, 'THE iDOLM@STER (Import)', 'Simulation'),
(253, 'THE iDOLM@STER: Live For You! (Import)s', 'Simulation'),
(254, 'The Sims 3', 'Simulation'),
(255, 'The Sims 3: Pets', 'Simulation'),
(256, 'Thrillville: Off The Rails', 'Simulation'),
(257, 'Tom Clancy H.A.W.X. 2', 'Simulation'),
(258, 'Tom Clancy H.A.W.X.', 'Simulation'),
(259, 'Tropico 4', 'Simulation'),
(260, 'Tropico 4 Gold Edition', 'Simulation'),
(261, 'Tropico 5', 'Simulation'),
(262, 'Truth or Lies', 'Simulation'),
(263, 'uDraw Studio: Instant Artist', 'Simulation'),
(264, 'You are in the Movies', 'Simulation'),
(265, 'Zoo Tycoon 2: Extinct Animals', 'Simulation');

-- --------------------------------------------------------

--
-- Table structure for table `gameprice`
--

CREATE TABLE IF NOT EXISTS `gameprice` (
  `gameId` int(10) NOT NULL,
  `gamePrice` int(10) NOT NULL
) ENGINE=InnoDB DEFAULT CHARSET=latin1;

--
-- Dumping data for table `gameprice`
--

INSERT INTO `gameprice` (`gameId`, `gamePrice`) VALUES
(1, 739),
(2, 1463),
(3, 1216),
(4, 198),
(5, 205),
(6, 1244),
(7, 1466),
(8, 1480),
(9, 519),
(10, 400),
(11, 97),
(12, 153),
(13, 1038),
(14, 1510),
(15, 806),
(16, 43),
(17, 622),
(18, 1042),
(19, 1137),
(20, 874),
(21, 543),
(22, 1447),
(23, 1542),
(24, 1080),
(25, 718),
(26, 901),
(27, 1039),
(28, 922),
(29, 4),
(30, 505),
(31, 223),
(32, 681),
(33, 736),
(34, 64),
(35, 188),
(36, 446),
(37, 185),
(38, 1188),
(39, 235),
(40, 230),
(41, 401),
(42, 582),
(43, 592),
(44, 179),
(45, 820),
(46, 251),
(47, 1027),
(48, 252),
(49, 19),
(50, 1215),
(51, 1227),
(52, 203),
(53, 599),
(54, 417),
(55, 305),
(56, 792),
(57, 808),
(58, 942),
(59, 75),
(60, 594),
(61, 1531),
(62, 240),
(63, 1127),
(64, 132),
(65, 1327),
(66, 215),
(67, 273),
(68, 720),
(69, 1249),
(70, 340),
(71, 846),
(72, 339),
(73, 931),
(74, 710),
(75, 25),
(76, 145),
(77, 667),
(78, 1557),
(79, 126),
(80, 903),
(81, 125),
(82, 1185),
(83, 951),
(84, 811),
(85, 1160),
(86, 680),
(87, 1218),
(88, 1386),
(89, 50),
(90, 1564),
(91, 1332),
(92, 1407),
(93, 713),
(94, 530),
(95, 561),
(96, 1371),
(97, 189),
(98, 873),
(99, 1459),
(100, 131),
(101, 482),
(102, 103),
(103, 1365),
(104, 576),
(105, 591),
(106, 1240),
(107, 861),
(108, 1495),
(109, 663),
(110, 1548),
(111, 1352),
(112, 711),
(113, 1226),
(114, 1364),
(115, 384),
(116, 1387),
(117, 1317),
(118, 1201),
(119, 321),
(120, 460),
(121, 89),
(122, 91),
(123, 1314),
(124, 766),
(125, 1094),
(126, 336),
(127, 458),
(128, 1156),
(129, 1048),
(130, 878),
(131, 1262),
(132, 1562),
(133, 1553),
(134, 859),
(135, 167),
(136, 1429),
(137, 932),
(138, 358),
(139, 95),
(140, 1016),
(141, 975),
(142, 1112),
(143, 1204),
(144, 369),
(145, 68),
(146, 264),
(147, 917),
(148, 194),
(149, 274),
(150, 538),
(151, 304),
(152, 1519),
(153, 909),
(154, 394),
(155, 247),
(156, 749),
(157, 757),
(158, 924),
(159, 488),
(160, 1081),
(161, 109),
(162, 1502),
(163, 279),
(164, 5),
(165, 704),
(166, 609),
(167, 1124),
(168, 24),
(169, 1456),
(170, 529),
(171, 453),
(172, 1424),
(173, 406),
(174, 914),
(175, 577),
(176, 377),
(177, 936),
(178, 856),
(179, 882),
(180, 602),
(181, 823),
(182, 541),
(183, 1486),
(184, 566),
(185, 1507),
(186, 416),
(187, 652),
(188, 926),
(189, 222),
(190, 435),
(191, 138),
(192, 353),
(193, 513),
(194, 1328),
(195, 1380),
(196, 1071),
(197, 1041),
(198, 803),
(199, 1560),
(200, 276),
(201, 786),
(202, 1292),
(203, 1378),
(204, 1255),
(205, 518),
(206, 467),
(207, 1472),
(208, 596),
(209, 532),
(210, 370),
(211, 632),
(212, 1525),
(213, 1440),
(214, 618),
(215, 857),
(216, 730),
(217, 1136),
(218, 769),
(219, 696),
(220, 1300),
(221, 1074),
(222, 181),
(223, 693),
(224, 968),
(225, 1305),
(226, 469),
(227, 31),
(228, 337),
(229, 837),
(230, 364),
(231, 1211),
(232, 1267),
(233, 1251),
(234, 101),
(235, 493),
(236, 631),
(237, 283),
(238, 96),
(239, 659),
(240, 797),
(241, 1345),
(242, 281),
(243, 1533),
(244, 1256),
(245, 765),
(246, 454),
(247, 1043),
(248, 741),
(249, 1408),
(250, 1173),
(251, 1099),
(252, 1239),
(253, 56),
(254, 699),
(255, 1002),
(256, 1075),
(257, 849),
(258, 569),
(259, 1079),
(260, 474),
(261, 193),
(262, 1109),
(263, 649),
(264, 1135),
(265, 1515),
(266, 646),
(267, 1171),
(268, 206),
(269, 945),
(270, 742),
(271, 301),
(272, 419),
(273, 1252),
(274, 425),
(275, 991),
(276, 1030),
(277, 1361),
(278, 1343),
(279, 359),
(280, 905),
(281, 36),
(282, 701),
(283, 1481),
(284, 1182),
(285, 540),
(286, 748),
(287, 485),
(288, 1020),
(289, 1092),
(290, 1383),
(291, 160),
(292, 176),
(293, 1107),
(294, 1543),
(295, 1005),
(296, 1212),
(297, 317),
(298, 1303),
(299, 1194),
(300, 418),
(301, 997),
(302, 433),
(303, 492),
(304, 409),
(305, 1072),
(306, 1026),
(307, 1032),
(308, 372),
(309, 1097),
(310, 1006),
(311, 735),
(312, 319),
(313, 1546),
(314, 499),
(315, 1359),
(316, 1131),
(317, 860),
(318, 412),
(319, 764),
(320, 361),
(321, 1306),
(322, 1385),
(323, 1509),
(324, 544),
(325, 709),
(326, 1021),
(327, 299),
(328, 1067),
(329, 675),
(330, 746),
(331, 448),
(332, 1561),
(333, 463),
(334, 404),
(335, 1108),
(336, 106),
(337, 809),
(338, 1276),
(339, 1498),
(340, 1177),
(341, 225),
(342, 1272),
(343, 841),
(344, 738),
(345, 1388),
(346, 1085),
(347, 311),
(348, 589),
(349, 285),
(350, 822),
(351, 934),
(352, 175),
(353, 1203),
(354, 1438),
(355, 1366),
(356, 227),
(357, 355),
(358, 1555),
(359, 980),
(360, 464),
(361, 1451),
(362, 1236),
(363, 1375),
(364, 503),
(365, 825),
(366, 6),
(367, 1287),
(368, 817),
(369, 120),
(370, 877),
(371, 1563),
(372, 1273),
(373, 258),
(374, 178),
(375, 507),
(376, 688),
(377, 549),
(378, 471),
(379, 1414),
(380, 886),
(381, 661),
(382, 563),
(383, 619),
(384, 213),
(385, 166),
(386, 800),
(387, 1396),
(388, 1128),
(389, 182),
(390, 999),
(391, 523),
(392, 165),
(393, 1046),
(394, 1031),
(395, 468),
(396, 778),
(397, 755),
(398, 510),
(399, 379),
(400, 921),
(401, 554),
(402, 673),
(403, 525),
(404, 1053),
(405, 427),
(406, 1070),
(407, 278),
(408, 851),
(409, 1406),
(410, 1001),
(411, 927),
(412, 1232),
(413, 62),
(414, 726),
(415, 92),
(416, 737),
(417, 1391),
(418, 428),
(419, 1506),
(420, 1019),
(421, 1270),
(422, 298),
(423, 1117),
(424, 1468),
(425, 815),
(426, 1229),
(427, 597),
(428, 10),
(429, 935),
(430, 81),
(431, 0),
(432, 1325),
(433, 1514),
(434, 1040),
(435, 787),
(436, 40),
(437, 367),
(438, 84),
(439, 1234),
(440, 671),
(441, 900),
(442, 195),
(443, 53),
(444, 816),
(445, 912),
(446, 1313),
(447, 875),
(448, 1529),
(449, 1224),
(450, 268),
(451, 500),
(452, 957),
(453, 995),
(454, 655),
(455, 833),
(456, 1318),
(457, 374),
(458, 1245),
(459, 564),
(460, 1206),
(461, 683),
(462, 238),
(463, 801),
(464, 1349),
(465, 1101),
(466, 1394),
(467, 1186),
(468, 842),
(469, 1106),
(470, 83),
(471, 396),
(472, 986),
(473, 326),
(474, 650),
(475, 1280),
(476, 1436),
(477, 810),
(478, 59),
(479, 191),
(480, 141),
(481, 524),
(482, 1532),
(483, 617),
(484, 1513),
(485, 290),
(486, 1253),
(487, 133),
(488, 1457),
(489, 1183),
(490, 1145),
(491, 282),
(492, 728),
(493, 192),
(494, 452),
(495, 293),
(496, 1405),
(497, 147),
(498, 727),
(499, 685),
(500, 300),
(501, 678),
(502, 580),
(503, 1243),
(504, 977),
(505, 1410),
(506, 388),
(507, 200),
(508, 26),
(509, 28),
(510, 1242),
(511, 870),
(512, 864),
(513, 1316),
(514, 1427),
(515, 967),
(516, 1077),
(517, 1033),
(518, 445),
(519, 1558),
(520, 944),
(521, 952),
(522, 71),
(523, 260),
(524, 1302),
(525, 378),
(526, 1013),
(527, 302),
(528, 32),
(529, 1297),
(530, 472),
(531, 925),
(532, 542),
(533, 481),
(534, 1520),
(535, 221),
(536, 1452),
(537, 916),
(538, 660),
(539, 486),
(540, 363),
(541, 520),
(542, 607),
(543, 1333),
(544, 897),
(545, 246),
(546, 155),
(547, 826),
(548, 1312),
(549, 1129),
(550, 272),
(551, 1198),
(552, 716),
(553, 788),
(554, 795),
(555, 314),
(556, 665),
(557, 333),
(558, 702),
(559, 780),
(560, 722),
(561, 232),
(562, 1105),
(563, 802),
(564, 1022),
(565, 600),
(566, 551),
(567, 202),
(568, 629),
(569, 896),
(570, 664),
(571, 556),
(572, 516),
(573, 1197),
(574, 1116),
(575, 570),
(576, 872),
(577, 3),
(578, 760),
(579, 58),
(580, 697),
(581, 208),
(582, 871),
(583, 990),
(584, 498),
(585, 1511),
(586, 1334),
(587, 1066),
(588, 690),
(589, 965),
(590, 1059),
(591, 284),
(592, 983),
(593, 1098),
(594, 90),
(595, 35),
(596, 645),
(597, 422),
(598, 1552),
(599, 973),
(600, 349),
(601, 398),
(602, 163),
(603, 1007),
(604, 902),
(605, 37),
(606, 1549),
(607, 1164),
(608, 928),
(609, 1096),
(610, 158),
(611, 149),
(612, 332),
(613, 1446),
(614, 1004),
(615, 852),
(616, 1122),
(617, 865),
(618, 1443),
(619, 723),
(620, 1497),
(621, 955),
(622, 1437),
(623, 1195),
(624, 115),
(625, 813),
(626, 450),
(627, 1517),
(628, 29),
(629, 442),
(630, 226),
(631, 1523),
(632, 111),
(633, 1485),
(634, 717),
(635, 824),
(636, 1202),
(637, 938),
(638, 866),
(639, 1082),
(640, 1404),
(641, 1373),
(642, 614),
(643, 289),
(644, 1045),
(645, 46),
(646, 1554),
(647, 383),
(648, 1268),
(649, 164),
(650, 1550),
(651, 1147),
(652, 341),
(653, 16),
(654, 217),
(655, 148),
(656, 212),
(657, 961),
(658, 1254),
(659, 61),
(660, 1),
(661, 994),
(662, 368),
(663, 981),
(664, 348),
(665, 1011),
(666, 1419),
(667, 386),
(668, 334),
(669, 559),
(670, 891),
(671, 169),
(672, 496),
(673, 253),
(674, 687),
(675, 894),
(676, 588),
(677, 1118),
(678, 623),
(679, 1431),
(680, 724),
(681, 1222),
(682, 603),
(683, 1337),
(684, 93),
(685, 1399),
(686, 984),
(687, 644),
(688, 1055),
(689, 102),
(690, 1141),
(691, 218),
(692, 1299),
(693, 351),
(694, 959),
(695, 799),
(696, 1475),
(697, 1342),
(698, 491),
(699, 1050),
(700, 407),
(701, 1310),
(702, 620),
(703, 22),
(704, 1189),
(705, 1319),
(706, 262),
(707, 60),
(708, 774),
(709, 1015),
(710, 694),
(711, 590),
(712, 1320),
(713, 1358),
(714, 51),
(715, 168),
(716, 391),
(717, 318),
(718, 373),
(719, 890),
(720, 560),
(721, 904),
(722, 497),
(723, 1274),
(724, 1534),
(725, 382),
(726, 1415),
(727, 86),
(728, 627),
(729, 1569),
(730, 462),
(731, 431),
(732, 740),
(733, 1535),
(734, 451),
(735, 320),
(736, 1178),
(737, 1286),
(738, 356),
(739, 1360),
(740, 414),
(741, 887),
(742, 99),
(743, 1434),
(744, 853),
(745, 579),
(746, 1196),
(747, 906),
(748, 277),
(749, 124),
(750, 1060),
(751, 641),
(752, 750),
(753, 392),
(754, 734),
(755, 993),
(756, 437),
(757, 1271),
(758, 1170),
(759, 546),
(760, 1304),
(761, 731),
(762, 1284),
(763, 1377),
(764, 328),
(765, 27),
(766, 1275),
(767, 1400),
(768, 477),
(769, 476),
(770, 310),
(771, 256),
(772, 1340),
(773, 535),
(774, 1449),
(775, 1121),
(776, 1540),
(777, 1356),
(778, 669),
(779, 501),
(780, 1140),
(781, 245),
(782, 670),
(783, 682),
(784, 69),
(785, 87),
(786, 1047),
(787, 1165),
(788, 1368),
(789, 691),
(790, 637),
(791, 772),
(792, 1146),
(793, 1221),
(794, 475),
(795, 461),
(796, 1192),
(797, 791),
(798, 635),
(799, 1176),
(800, 1478),
(801, 265),
(802, 777),
(803, 1184),
(804, 447),
(805, 950),
(806, 254),
(807, 789),
(808, 714),
(809, 1057),
(810, 67),
(811, 1172),
(812, 946),
(813, 836),
(814, 88),
(815, 204),
(816, 41),
(817, 263),
(818, 1261),
(819, 403),
(820, 698),
(821, 893),
(822, 234),
(823, 863),
(824, 964),
(825, 455),
(826, 489),
(827, 1335),
(828, 1090),
(829, 1200),
(830, 229),
(831, 715),
(832, 725),
(833, 679),
(834, 892),
(835, 214),
(836, 1444),
(837, 408),
(838, 1277),
(839, 13),
(840, 173),
(841, 988),
(842, 895),
(843, 884),
(844, 1376),
(845, 608),
(846, 633),
(847, 490),
(848, 814),
(849, 745),
(850, 1069),
(851, 832),
(852, 605),
(853, 1064),
(854, 773),
(855, 483),
(856, 666),
(857, 1093),
(858, 1269),
(859, 360),
(860, 144),
(861, 1329),
(862, 1291),
(863, 1248),
(864, 972),
(865, 1166),
(866, 1084),
(867, 441),
(868, 1484),
(869, 954),
(870, 1500),
(871, 76),
(872, 1357),
(873, 567),
(874, 269),
(875, 1235),
(876, 880),
(877, 117),
(878, 963),
(879, 1448),
(880, 753),
(881, 511),
(882, 1037),
(883, 1123),
(884, 1372),
(885, 376),
(886, 509),
(887, 1025),
(888, 130),
(889, 992),
(890, 768),
(891, 1126),
(892, 827),
(893, 297),
(894, 1142),
(895, 2),
(896, 1458),
(897, 121),
(898, 487),
(899, 108),
(900, 150),
(901, 1290),
(902, 331),
(903, 648),
(904, 595),
(905, 971),
(906, 152),
(907, 479),
(908, 1295),
(909, 480),
(910, 1347),
(911, 315),
(912, 885),
(913, 424),
(914, 307),
(915, 550),
(916, 615),
(917, 54),
(918, 1225),
(919, 508),
(920, 920),
(921, 1311),
(922, 1382),
(923, 966),
(924, 236),
(925, 1148),
(926, 776),
(927, 107),
(928, 1281),
(929, 1455),
(930, 1049),
(931, 49),
(932, 1426),
(933, 1205),
(934, 306),
(935, 770),
(936, 1241),
(937, 140),
(938, 381),
(939, 397),
(940, 1379),
(941, 171),
(942, 330),
(943, 65),
(944, 1453),
(945, 1353),
(946, 854),
(947, 1230),
(948, 1568),
(949, 998),
(950, 77),
(951, 1324),
(952, 1265),
(953, 184),
(954, 1036),
(955, 63),
(956, 522),
(957, 1159),
(958, 72),
(959, 1179),
(960, 1134),
(961, 9),
(962, 1199),
(963, 231),
(964, 267),
(965, 527),
(966, 642),
(967, 335),
(968, 322),
(969, 969),
(970, 402),
(971, 1266),
(972, 565),
(973, 643),
(974, 1547),
(975, 1344),
(976, 161),
(977, 484),
(978, 1422),
(979, 548),
(980, 653),
(981, 1479),
(982, 1418),
(983, 1393),
(984, 1450),
(985, 228),
(986, 430),
(987, 1247),
(988, 94),
(989, 1559),
(990, 146),
(991, 12),
(992, 763),
(993, 676),
(994, 658),
(995, 1061),
(996, 1416),
(997, 705),
(998, 157),
(999, 1556),
(1000, 1508),
(1001, 14),
(1002, 74),
(1003, 34),
(1004, 534),
(1005, 533),
(1006, 1435),
(1007, 587),
(1008, 899),
(1009, 1289),
(1010, 751),
(1011, 574),
(1012, 1384),
(1013, 847),
(1014, 162),
(1015, 1409),
(1016, 636),
(1017, 1051),
(1018, 1530),
(1019, 881),
(1020, 1461),
(1021, 521),
(1022, 571),
(1023, 1217),
(1024, 1567),
(1025, 918),
(1026, 1130),
(1027, 1338),
(1028, 708),
(1029, 616),
(1030, 575),
(1031, 21),
(1032, 1100),
(1033, 395),
(1034, 1381),
(1035, 913),
(1036, 1477),
(1037, 1421),
(1038, 1439),
(1039, 1538),
(1040, 858),
(1041, 233),
(1042, 1420),
(1043, 70),
(1044, 1315),
(1045, 1062),
(1046, 470),
(1047, 1528),
(1048, 732),
(1049, 1034),
(1050, 1152),
(1051, 365),
(1052, 327),
(1053, 1566),
(1054, 380),
(1055, 1246),
(1056, 116),
(1057, 1493),
(1058, 1460),
(1059, 352),
(1060, 1190),
(1061, 1237),
(1062, 812),
(1063, 829),
(1064, 1483),
(1065, 502),
(1066, 526),
(1067, 312),
(1068, 626),
(1069, 662),
(1070, 1536),
(1071, 259),
(1072, 536),
(1073, 1018),
(1074, 654),
(1075, 845),
(1076, 1000),
(1077, 937),
(1078, 706),
(1079, 170),
(1080, 1363),
(1081, 781),
(1082, 1125),
(1083, 1309),
(1084, 834),
(1085, 1259),
(1086, 612),
(1087, 613),
(1088, 255),
(1089, 672),
(1090, 1231),
(1091, 15),
(1092, 844),
(1093, 941),
(1094, 700),
(1095, 237),
(1096, 545),
(1097, 440),
(1098, 459),
(1099, 85),
(1100, 266),
(1101, 1348),
(1102, 759),
(1103, 122),
(1104, 1073),
(1105, 82),
(1106, 1473),
(1107, 456),
(1108, 733),
(1109, 785),
(1110, 867),
(1111, 996),
(1112, 1490),
(1113, 958),
(1114, 628),
(1115, 354),
(1116, 754),
(1117, 656),
(1118, 1504),
(1119, 1527),
(1120, 1389),
(1121, 142),
(1122, 1220),
(1123, 761),
(1124, 7),
(1125, 804),
(1126, 547),
(1127, 640),
(1128, 23),
(1129, 818),
(1130, 752),
(1131, 249),
(1132, 350),
(1133, 211),
(1134, 868),
(1135, 1111),
(1136, 1474),
(1137, 1462),
(1138, 1417),
(1139, 1191),
(1140, 1512),
(1141, 933),
(1142, 517),
(1143, 1516),
(1144, 506),
(1145, 940),
(1146, 910),
(1147, 956),
(1148, 66),
(1149, 1402),
(1150, 1151),
(1151, 1293),
(1152, 248),
(1153, 830),
(1154, 243),
(1155, 1544),
(1156, 1526),
(1157, 888),
(1158, 915),
(1159, 1264),
(1160, 919),
(1161, 1541),
(1162, 1214),
(1163, 907),
(1164, 835),
(1165, 1322),
(1166, 292),
(1167, 1294),
(1168, 38),
(1169, 744),
(1170, 962),
(1171, 220),
(1172, 1110),
(1173, 449),
(1174, 1397),
(1175, 1174),
(1176, 1263),
(1177, 598),
(1178, 1496),
(1179, 537),
(1180, 135),
(1181, 1167),
(1182, 239),
(1183, 883),
(1184, 362),
(1185, 684),
(1186, 1492),
(1187, 584),
(1188, 1476),
(1189, 1469),
(1190, 48),
(1191, 719),
(1192, 1153),
(1193, 1341),
(1194, 1029),
(1195, 638),
(1196, 357),
(1197, 123),
(1198, 771),
(1199, 779),
(1200, 1467),
(1201, 1301),
(1202, 73),
(1203, 129),
(1204, 947),
(1205, 79),
(1206, 366),
(1207, 197),
(1208, 1298),
(1209, 1058),
(1210, 1501),
(1211, 1149),
(1212, 1518),
(1213, 434),
(1214, 1035),
(1215, 1009),
(1216, 1296),
(1217, 209),
(1218, 1169),
(1219, 695),
(1220, 1139),
(1221, 1433),
(1222, 1008),
(1223, 572),
(1224, 112),
(1225, 187),
(1226, 207),
(1227, 1390),
(1228, 821),
(1229, 1023),
(1230, 1003),
(1231, 978),
(1232, 1115),
(1233, 432),
(1234, 443),
(1235, 423),
(1236, 1565),
(1237, 439),
(1238, 1120),
(1239, 8),
(1240, 1181),
(1241, 1138),
(1242, 151),
(1243, 30),
(1244, 798),
(1245, 128),
(1246, 288),
(1247, 1369),
(1248, 729),
(1249, 639),
(1250, 1044),
(1251, 1157),
(1252, 1350),
(1253, 308),
(1254, 1487),
(1255, 586),
(1256, 1374),
(1257, 657),
(1258, 1539),
(1259, 976),
(1260, 1505),
(1261, 1012),
(1262, 721),
(1263, 1454),
(1264, 1162),
(1265, 838),
(1266, 1193),
(1267, 756),
(1268, 316),
(1269, 421),
(1270, 429),
(1271, 1441),
(1272, 1223),
(1273, 1522),
(1274, 843),
(1275, 793),
(1276, 1113),
(1277, 387),
(1278, 241),
(1279, 562),
(1280, 444),
(1281, 143),
(1282, 1119),
(1283, 287),
(1284, 528),
(1285, 512),
(1286, 55),
(1287, 1180),
(1288, 1412),
(1289, 183),
(1290, 271),
(1291, 134),
(1292, 127),
(1293, 100),
(1294, 478),
(1295, 850),
(1296, 828),
(1297, 1339),
(1298, 344),
(1299, 257),
(1300, 1282),
(1301, 668),
(1302, 110),
(1303, 415),
(1304, 869),
(1305, 985),
(1306, 783),
(1307, 413),
(1308, 80),
(1309, 338),
(1310, 154),
(1311, 329),
(1312, 515),
(1313, 1076),
(1314, 1503),
(1315, 1411),
(1316, 1326),
(1317, 805),
(1318, 1209),
(1319, 634),
(1320, 1521),
(1321, 948),
(1322, 953),
(1323, 323),
(1324, 1464),
(1325, 949),
(1326, 309),
(1327, 960),
(1328, 1238),
(1329, 604),
(1330, 216),
(1331, 1362),
(1332, 568),
(1333, 1445),
(1334, 1423),
(1335, 930),
(1336, 1278),
(1337, 1213),
(1338, 78),
(1339, 114),
(1340, 889),
(1341, 987),
(1342, 1331),
(1343, 105),
(1344, 979),
(1345, 1010),
(1346, 420),
(1347, 1228),
(1348, 345),
(1349, 159),
(1350, 303),
(1351, 20),
(1352, 385),
(1353, 295),
(1354, 1279),
(1355, 555),
(1356, 557),
(1357, 45),
(1358, 790),
(1359, 1499),
(1360, 11),
(1361, 712),
(1362, 908),
(1363, 974),
(1364, 1086),
(1365, 495),
(1366, 473),
(1367, 280),
(1368, 244),
(1369, 1494),
(1370, 18),
(1371, 767),
(1372, 42),
(1373, 1491),
(1374, 1330),
(1375, 624),
(1376, 583),
(1377, 219),
(1378, 782),
(1379, 347),
(1380, 1187),
(1381, 1154),
(1382, 1288),
(1383, 436),
(1384, 855),
(1385, 677),
(1386, 1524),
(1387, 1351),
(1388, 438),
(1389, 177),
(1390, 1219),
(1391, 585),
(1392, 762),
(1393, 1104),
(1394, 98),
(1395, 1144),
(1396, 1083),
(1397, 201),
(1398, 1367),
(1399, 1133),
(1400, 796),
(1401, 1257),
(1402, 1283),
(1403, 606),
(1404, 250),
(1405, 1065),
(1406, 1430),
(1407, 137),
(1408, 578),
(1409, 410),
(1410, 113),
(1411, 118),
(1412, 674),
(1413, 514),
(1414, 1250),
(1415, 294),
(1416, 1488),
(1417, 1087),
(1418, 390),
(1419, 831),
(1420, 593),
(1421, 647),
(1422, 1425),
(1423, 1428),
(1424, 139),
(1425, 343),
(1426, 389),
(1427, 1392),
(1428, 1068),
(1429, 224),
(1430, 1103),
(1431, 324),
(1432, 426),
(1433, 1233),
(1434, 651),
(1435, 196),
(1436, 210),
(1437, 1114),
(1438, 1208),
(1439, 504),
(1440, 1346),
(1441, 970),
(1442, 465),
(1443, 758),
(1444, 1442),
(1445, 457),
(1446, 1370),
(1447, 610),
(1448, 57),
(1449, 1323),
(1450, 399),
(1451, 839),
(1452, 1210),
(1453, 601),
(1454, 494),
(1455, 1258),
(1456, 848),
(1457, 296),
(1458, 573),
(1459, 553),
(1460, 1207),
(1461, 342),
(1462, 531),
(1463, 172),
(1464, 190),
(1465, 1470),
(1466, 1056),
(1467, 1482),
(1468, 180),
(1469, 630),
(1470, 199),
(1471, 581),
(1472, 1143),
(1473, 989),
(1474, 1403),
(1475, 707),
(1476, 1175),
(1477, 393),
(1478, 1052),
(1479, 17),
(1480, 943),
(1481, 558),
(1482, 539),
(1483, 466),
(1484, 186),
(1485, 411),
(1486, 1168),
(1487, 375),
(1488, 747),
(1489, 325),
(1490, 1161),
(1491, 1014),
(1492, 929),
(1493, 686),
(1494, 552),
(1495, 743),
(1496, 898),
(1497, 1088),
(1498, 692),
(1499, 261),
(1500, 1260),
(1501, 1028),
(1502, 1432),
(1503, 1355),
(1504, 784),
(1505, 911),
(1506, 625),
(1507, 689),
(1508, 862),
(1509, 1308),
(1510, 1354),
(1511, 52),
(1512, 807),
(1513, 39),
(1514, 840),
(1515, 1537),
(1516, 819),
(1517, 405),
(1518, 156),
(1519, 1489),
(1520, 1321),
(1521, 923),
(1522, 1150),
(1523, 291),
(1524, 1089),
(1525, 703),
(1526, 1158),
(1527, 1095),
(1528, 275),
(1529, 1465),
(1530, 982),
(1531, 47),
(1532, 1024),
(1533, 939),
(1534, 1132),
(1535, 270),
(1536, 44),
(1537, 1413),
(1538, 242),
(1539, 1163),
(1540, 1091),
(1541, 1017),
(1542, 879),
(1543, 1285),
(1544, 1336),
(1545, 136),
(1546, 33),
(1547, 104),
(1548, 1471),
(1549, 1545),
(1550, 1551),
(1551, 371),
(1552, 1063),
(1553, 1054),
(1554, 611),
(1555, 174),
(1556, 1401),
(1557, 119),
(1558, 346),
(1559, 794),
(1560, 1155),
(1561, 1078),
(1562, 286),
(1563, 775),
(1564, 1307),
(1565, 621),
(1566, 1398),
(1567, 313),
(1568, 1102);

--
-- Indexes for dumped tables
--

--
-- Indexes for table `console`
--
ALTER TABLE `console`
 ADD PRIMARY KEY (`consoleId`);

--
-- Indexes for table `gamelist`
--
ALTER TABLE `gamelist`
 ADD PRIMARY KEY (`id`), ADD KEY `consoleId` (`consoleId`);

--
-- Indexes for table `gamelistgenres`
--
ALTER TABLE `gamelistgenres`
 ADD PRIMARY KEY (`id`);

--
-- Indexes for table `gameprice`
--
ALTER TABLE `gameprice`
 ADD PRIMARY KEY (`gameId`);

--
-- AUTO_INCREMENT for dumped tables
--

--
-- AUTO_INCREMENT for table `console`
--
ALTER TABLE `console`
MODIFY `consoleId` int(3) NOT NULL AUTO_INCREMENT,AUTO_INCREMENT=6;
--
-- AUTO_INCREMENT for table `gamelist`
--
ALTER TABLE `gamelist`
MODIFY `id` int(10) NOT NULL AUTO_INCREMENT,AUTO_INCREMENT=1569;
--
-- AUTO_INCREMENT for table `gamelistgenres`
--
ALTER TABLE `gamelistgenres`
MODIFY `id` int(10) NOT NULL AUTO_INCREMENT,AUTO_INCREMENT=266;
--
-- Constraints for dumped tables
--

--
-- Constraints for table `gamelist`
--
ALTER TABLE `gamelist`
ADD CONSTRAINT `gamelist_ibfk_1` FOREIGN KEY (`consoleId`) REFERENCES `console` (`consoleId`);

--
-- Constraints for table `gamelistgenres`
--
ALTER TABLE `gamelistgenres`
ADD CONSTRAINT `gamelistgenres_ibfk_1` FOREIGN KEY (`id`) REFERENCES `gamelist` (`id`);

--
-- Constraints for table `gameprice`
--
ALTER TABLE `gameprice`
ADD CONSTRAINT `gameprice_ibfk_1` FOREIGN KEY (`gameId`) REFERENCES `gamelist` (`id`);

/*!40101 SET CHARACTER_SET_CLIENT=@OLD_CHARACTER_SET_CLIENT */;
/*!40101 SET CHARACTER_SET_RESULTS=@OLD_CHARACTER_SET_RESULTS */;
/*!40101 SET COLLATION_CONNECTION=@OLD_COLLATION_CONNECTION */;
